"Influenza Hospitalization Rates (per 100,000 population) for the FluSurv-NET Network (downloaded on "Oct-21-2018)
Influenza Division - Centers for Disease Control and Prevention.
CATCHMENT,NETWORK,SEASON,MMWR-YEAR,MMWR-WEEK,AGE CATEGORY,CUMULATIVE RATE,WEEKLY RATE 
Connecticut,EIP,2010-11,2010,40,0-4 yr,0,0
Connecticut,EIP,2010-11,2010,41,0-4 yr,0,0
Connecticut,EIP,2010-11,2010,42,0-4 yr,0,0
Connecticut,EIP,2010-11,2010,43,0-4 yr,0,0
Connecticut,EIP,2010-11,2010,44,0-4 yr,0,0
Connecticut,EIP,2010-11,2010,45,0-4 yr,0,0
Connecticut,EIP,2010-11,2010,46,0-4 yr,0,0
Connecticut,EIP,2010-11,2010,47,0-4 yr,0,0
Connecticut,EIP,2010-11,2010,48,0-4 yr,0,0
Connecticut,EIP,2010-11,2010,49,0-4 yr,0,0
Connecticut,EIP,2010-11,2010,50,0-4 yr,0,0
Connecticut,EIP,2010-11,2010,51,0-4 yr,0.9,0.9
Connecticut,EIP,2010-11,2010,52,0-4 yr,2.8,1.9
Connecticut,EIP,2010-11,2011,1,0-4 yr,2.8,0
Connecticut,EIP,2010-11,2011,2,0-4 yr,6.5,3.7
Connecticut,EIP,2010-11,2011,3,0-4 yr,8.4,1.9
Connecticut,EIP,2010-11,2011,4,0-4 yr,12.1,3.7
Connecticut,EIP,2010-11,2011,5,0-4 yr,16.8,4.7
Connecticut,EIP,2010-11,2011,6,0-4 yr,18.7,1.9
Connecticut,EIP,2010-11,2011,7,0-4 yr,18.7,0
Connecticut,EIP,2010-11,2011,8,0-4 yr,21.5,2.8
Connecticut,EIP,2010-11,2011,9,0-4 yr,22.4,0.9
Connecticut,EIP,2010-11,2011,10,0-4 yr,23.4,0.9
Connecticut,EIP,2010-11,2011,11,0-4 yr,23.4,0
Connecticut,EIP,2010-11,2011,12,0-4 yr,27.1,3.7
Connecticut,EIP,2010-11,2011,13,0-4 yr,27.1,0
Connecticut,EIP,2010-11,2011,14,0-4 yr,28,0.9
Connecticut,EIP,2010-11,2011,15,0-4 yr,28,0
Connecticut,EIP,2010-11,2011,16,0-4 yr,29.9,1.9
Connecticut,EIP,2010-11,2011,17,0-4 yr,29.9,0
Connecticut,EIP,2010-11,2010,40,5-17 yr,0,0
Connecticut,EIP,2010-11,2010,41,5-17 yr,0,0
Connecticut,EIP,2010-11,2010,42,5-17 yr,0,0
Connecticut,EIP,2010-11,2010,43,5-17 yr,0,0
Connecticut,EIP,2010-11,2010,44,5-17 yr,0,0
Connecticut,EIP,2010-11,2010,45,5-17 yr,0,0
Connecticut,EIP,2010-11,2010,46,5-17 yr,0,0
Connecticut,EIP,2010-11,2010,47,5-17 yr,0,0
Connecticut,EIP,2010-11,2010,48,5-17 yr,0,0
Connecticut,EIP,2010-11,2010,49,5-17 yr,0,0
Connecticut,EIP,2010-11,2010,50,5-17 yr,0,0
Connecticut,EIP,2010-11,2010,51,5-17 yr,0,0
Connecticut,EIP,2010-11,2010,52,5-17 yr,0.3,0.3
Connecticut,EIP,2010-11,2011,1,5-17 yr,0.6,0.3
Connecticut,EIP,2010-11,2011,2,5-17 yr,0.9,0.3
Connecticut,EIP,2010-11,2011,3,5-17 yr,1.2,0.3
Connecticut,EIP,2010-11,2011,4,5-17 yr,1.2,0
Connecticut,EIP,2010-11,2011,5,5-17 yr,1.9,0.6
Connecticut,EIP,2010-11,2011,6,5-17 yr,2.2,0.3
Connecticut,EIP,2010-11,2011,7,5-17 yr,2.2,0
Connecticut,EIP,2010-11,2011,8,5-17 yr,2.5,0.3
Connecticut,EIP,2010-11,2011,9,5-17 yr,4,1.5
Connecticut,EIP,2010-11,2011,10,5-17 yr,4.3,0.3
Connecticut,EIP,2010-11,2011,11,5-17 yr,4.6,0.3
Connecticut,EIP,2010-11,2011,12,5-17 yr,4.9,0.3
Connecticut,EIP,2010-11,2011,13,5-17 yr,5.6,0.6
Connecticut,EIP,2010-11,2011,14,5-17 yr,5.9,0.3
Connecticut,EIP,2010-11,2011,15,5-17 yr,6.2,0.3
Connecticut,EIP,2010-11,2011,16,5-17 yr,7.1,0.9
Connecticut,EIP,2010-11,2011,17,5-17 yr,7.1,0
Connecticut,EIP,2010-11,2010,40,18-49 yr,0,0
Connecticut,EIP,2010-11,2010,41,18-49 yr,0,0
Connecticut,EIP,2010-11,2010,42,18-49 yr,0,0
Connecticut,EIP,2010-11,2010,43,18-49 yr,0,0
Connecticut,EIP,2010-11,2010,44,18-49 yr,0.1,0.1
Connecticut,EIP,2010-11,2010,45,18-49 yr,0.1,0
Connecticut,EIP,2010-11,2010,46,18-49 yr,0.1,0
Connecticut,EIP,2010-11,2010,47,18-49 yr,0.1,0
Connecticut,EIP,2010-11,2010,48,18-49 yr,0.1,0
Connecticut,EIP,2010-11,2010,49,18-49 yr,0.1,0
Connecticut,EIP,2010-11,2010,50,18-49 yr,0.2,0.1
Connecticut,EIP,2010-11,2010,51,18-49 yr,0.9,0.6
Connecticut,EIP,2010-11,2010,52,18-49 yr,1.6,0.7
Connecticut,EIP,2010-11,2011,1,18-49 yr,2.4,0.9
Connecticut,EIP,2010-11,2011,2,18-49 yr,2.9,0.5
Connecticut,EIP,2010-11,2011,3,18-49 yr,4.1,1.2
Connecticut,EIP,2010-11,2011,4,18-49 yr,4.6,0.5
Connecticut,EIP,2010-11,2011,5,18-49 yr,5.8,1.2
Connecticut,EIP,2010-11,2011,6,18-49 yr,7.2,1.3
Connecticut,EIP,2010-11,2011,7,18-49 yr,8.6,1.5
Connecticut,EIP,2010-11,2011,8,18-49 yr,10.3,1.7
Connecticut,EIP,2010-11,2011,9,18-49 yr,11.2,0.9
Connecticut,EIP,2010-11,2011,10,18-49 yr,12.7,1.5
Connecticut,EIP,2010-11,2011,11,18-49 yr,14.1,1.5
Connecticut,EIP,2010-11,2011,12,18-49 yr,14.2,0.1
Connecticut,EIP,2010-11,2011,13,18-49 yr,14.6,0.4
Connecticut,EIP,2010-11,2011,14,18-49 yr,14.9,0.2
Connecticut,EIP,2010-11,2011,15,18-49 yr,15,0.1
Connecticut,EIP,2010-11,2011,16,18-49 yr,15.1,0.1
Connecticut,EIP,2010-11,2011,17,18-49 yr,15.2,0.1
Connecticut,EIP,2010-11,2010,40,50-64 yr,0,0
Connecticut,EIP,2010-11,2010,41,50-64 yr,0,0
Connecticut,EIP,2010-11,2010,42,50-64 yr,0,0
Connecticut,EIP,2010-11,2010,43,50-64 yr,0,0
Connecticut,EIP,2010-11,2010,44,50-64 yr,0,0
Connecticut,EIP,2010-11,2010,45,50-64 yr,0,0
Connecticut,EIP,2010-11,2010,46,50-64 yr,0.8,0.8
Connecticut,EIP,2010-11,2010,47,50-64 yr,1.3,0.5
Connecticut,EIP,2010-11,2010,48,50-64 yr,1.3,0
Connecticut,EIP,2010-11,2010,49,50-64 yr,2,0.8
Connecticut,EIP,2010-11,2010,50,50-64 yr,2.6,0.5
Connecticut,EIP,2010-11,2010,51,50-64 yr,3.1,0.5
Connecticut,EIP,2010-11,2010,52,50-64 yr,3.6,0.5
Connecticut,EIP,2010-11,2011,1,50-64 yr,5.9,2.3
Connecticut,EIP,2010-11,2011,2,50-64 yr,6.6,0.8
Connecticut,EIP,2010-11,2011,3,50-64 yr,7.7,1
Connecticut,EIP,2010-11,2011,4,50-64 yr,8.4,0.8
Connecticut,EIP,2010-11,2011,5,50-64 yr,10.2,1.8
Connecticut,EIP,2010-11,2011,6,50-64 yr,11.5,1.3
Connecticut,EIP,2010-11,2011,7,50-64 yr,13.8,2.3
Connecticut,EIP,2010-11,2011,8,50-64 yr,16.6,2.8
Connecticut,EIP,2010-11,2011,9,50-64 yr,20.4,3.8
Connecticut,EIP,2010-11,2011,10,50-64 yr,22.2,1.8
Connecticut,EIP,2010-11,2011,11,50-64 yr,24.2,2
Connecticut,EIP,2010-11,2011,12,50-64 yr,25.2,1
Connecticut,EIP,2010-11,2011,13,50-64 yr,26.3,1
Connecticut,EIP,2010-11,2011,14,50-64 yr,27.3,1
Connecticut,EIP,2010-11,2011,15,50-64 yr,27.8,0.5
Connecticut,EIP,2010-11,2011,16,50-64 yr,27.8,0
Connecticut,EIP,2010-11,2011,17,50-64 yr,27.8,0
Connecticut,EIP,2010-11,2010,40,65+ yr,0,0
Connecticut,EIP,2010-11,2010,41,65+ yr,0,0
Connecticut,EIP,2010-11,2010,42,65+ yr,0,0
Connecticut,EIP,2010-11,2010,43,65+ yr,0.4,0.4
Connecticut,EIP,2010-11,2010,44,65+ yr,0.4,0
Connecticut,EIP,2010-11,2010,45,65+ yr,0.4,0
Connecticut,EIP,2010-11,2010,46,65+ yr,0.4,0
Connecticut,EIP,2010-11,2010,47,65+ yr,0.4,0
Connecticut,EIP,2010-11,2010,48,65+ yr,1.1,0.7
Connecticut,EIP,2010-11,2010,49,65+ yr,1.4,0.4
Connecticut,EIP,2010-11,2010,50,65+ yr,2.8,1.4
Connecticut,EIP,2010-11,2010,51,65+ yr,5.3,2.5
Connecticut,EIP,2010-11,2010,52,65+ yr,14.6,9.3
Connecticut,EIP,2010-11,2011,1,65+ yr,22.1,7.5
Connecticut,EIP,2010-11,2011,2,65+ yr,27.8,5.7
Connecticut,EIP,2010-11,2011,3,65+ yr,32.4,4.6
Connecticut,EIP,2010-11,2011,4,65+ yr,39.2,6.8
Connecticut,EIP,2010-11,2011,5,65+ yr,48.1,8.9
Connecticut,EIP,2010-11,2011,6,65+ yr,55.5,7.5
Connecticut,EIP,2010-11,2011,7,65+ yr,66.6,11
Connecticut,EIP,2010-11,2011,8,65+ yr,76.2,9.6
Connecticut,EIP,2010-11,2011,9,65+ yr,83.3,7.1
Connecticut,EIP,2010-11,2011,10,65+ yr,94,10.7
Connecticut,EIP,2010-11,2011,11,65+ yr,102.9,8.9
Connecticut,EIP,2010-11,2011,12,65+ yr,106.1,3.2
Connecticut,EIP,2010-11,2011,13,65+ yr,110,3.9
Connecticut,EIP,2010-11,2011,14,65+ yr,111.8,1.8
Connecticut,EIP,2010-11,2011,15,65+ yr,114.3,2.5
Connecticut,EIP,2010-11,2011,16,65+ yr,116.4,2.1
Connecticut,EIP,2010-11,2011,17,65+ yr,117.5,1.1
Connecticut,EIP,2010-11,2010,40,Overall,0,0
Connecticut,EIP,2010-11,2010,41,Overall,0,0
Connecticut,EIP,2010-11,2010,42,Overall,0,0
Connecticut,EIP,2010-11,2010,43,Overall,0.1,0.1
Connecticut,EIP,2010-11,2010,44,Overall,0.1,0.1
Connecticut,EIP,2010-11,2010,45,Overall,0.1,0
Connecticut,EIP,2010-11,2010,46,Overall,0.3,0.2
Connecticut,EIP,2010-11,2010,47,Overall,0.4,0.1
Connecticut,EIP,2010-11,2010,48,Overall,0.5,0.1
Connecticut,EIP,2010-11,2010,49,Overall,0.7,0.2
Connecticut,EIP,2010-11,2010,50,Overall,1,0.4
Connecticut,EIP,2010-11,2010,51,Overall,1.8,0.8
Connecticut,EIP,2010-11,2010,52,Overall,3.7,1.9
Connecticut,EIP,2010-11,2011,1,Overall,5.7,2
Connecticut,EIP,2010-11,2011,2,Overall,7.2,1.5
Connecticut,EIP,2010-11,2011,3,Overall,8.7,1.6
Connecticut,EIP,2010-11,2011,4,Overall,10.3,1.6
Connecticut,EIP,2010-11,2011,5,Overall,12.8,2.5
Connecticut,EIP,2010-11,2011,6,Overall,14.9,2.1
Connecticut,EIP,2010-11,2011,7,Overall,17.6,2.7
Connecticut,EIP,2010-11,2011,8,Overall,20.5,2.9
Connecticut,EIP,2010-11,2011,9,Overall,23,2.5
Connecticut,EIP,2010-11,2011,10,Overall,25.7,2.6
Connecticut,EIP,2010-11,2011,11,Overall,28.1,2.4
Connecticut,EIP,2010-11,2011,12,Overall,29,1
Connecticut,EIP,2010-11,2011,13,Overall,30.1,1
Connecticut,EIP,2010-11,2011,14,Overall,30.8,0.7
Connecticut,EIP,2010-11,2011,15,Overall,31.3,0.6
Connecticut,EIP,2010-11,2011,16,Overall,32,0.6
Connecticut,EIP,2010-11,2011,17,Overall,32.2,0.2
Connecticut,EIP,2011-12,2011,40,0-4 yr,0,0
Connecticut,EIP,2011-12,2011,41,0-4 yr,0,0
Connecticut,EIP,2011-12,2011,42,0-4 yr,0,0
Connecticut,EIP,2011-12,2011,43,0-4 yr,0,0
Connecticut,EIP,2011-12,2011,44,0-4 yr,0,0
Connecticut,EIP,2011-12,2011,45,0-4 yr,0,0
Connecticut,EIP,2011-12,2011,46,0-4 yr,0,0
Connecticut,EIP,2011-12,2011,47,0-4 yr,0,0
Connecticut,EIP,2011-12,2011,48,0-4 yr,0,0
Connecticut,EIP,2011-12,2011,49,0-4 yr,0,0
Connecticut,EIP,2011-12,2011,50,0-4 yr,0,0
Connecticut,EIP,2011-12,2011,51,0-4 yr,0,0
Connecticut,EIP,2011-12,2011,52,0-4 yr,0,0
Connecticut,EIP,2011-12,2012,1,0-4 yr,0,0
Connecticut,EIP,2011-12,2012,2,0-4 yr,0,0
Connecticut,EIP,2011-12,2012,3,0-4 yr,0,0
Connecticut,EIP,2011-12,2012,4,0-4 yr,0,0
Connecticut,EIP,2011-12,2012,5,0-4 yr,0,0
Connecticut,EIP,2011-12,2012,6,0-4 yr,0,0
Connecticut,EIP,2011-12,2012,7,0-4 yr,0,0
Connecticut,EIP,2011-12,2012,8,0-4 yr,0,0
Connecticut,EIP,2011-12,2012,9,0-4 yr,0,0
Connecticut,EIP,2011-12,2012,10,0-4 yr,0.9,0.9
Connecticut,EIP,2011-12,2012,11,0-4 yr,1.9,0.9
Connecticut,EIP,2011-12,2012,12,0-4 yr,2.8,0.9
Connecticut,EIP,2011-12,2012,13,0-4 yr,2.8,0
Connecticut,EIP,2011-12,2012,14,0-4 yr,3.8,0.9
Connecticut,EIP,2011-12,2012,15,0-4 yr,4.7,0.9
Connecticut,EIP,2011-12,2012,16,0-4 yr,4.7,0
Connecticut,EIP,2011-12,2012,17,0-4 yr,4.7,0
Connecticut,EIP,2011-12,2011,40,5-17 yr,0,0
Connecticut,EIP,2011-12,2011,41,5-17 yr,0,0
Connecticut,EIP,2011-12,2011,42,5-17 yr,0,0
Connecticut,EIP,2011-12,2011,43,5-17 yr,0,0
Connecticut,EIP,2011-12,2011,44,5-17 yr,0,0
Connecticut,EIP,2011-12,2011,45,5-17 yr,0,0
Connecticut,EIP,2011-12,2011,46,5-17 yr,0,0
Connecticut,EIP,2011-12,2011,47,5-17 yr,0,0
Connecticut,EIP,2011-12,2011,48,5-17 yr,0,0
Connecticut,EIP,2011-12,2011,49,5-17 yr,0,0
Connecticut,EIP,2011-12,2011,50,5-17 yr,0,0
Connecticut,EIP,2011-12,2011,51,5-17 yr,0,0
Connecticut,EIP,2011-12,2011,52,5-17 yr,0,0
Connecticut,EIP,2011-12,2012,1,5-17 yr,0,0
Connecticut,EIP,2011-12,2012,2,5-17 yr,0,0
Connecticut,EIP,2011-12,2012,3,5-17 yr,0,0
Connecticut,EIP,2011-12,2012,4,5-17 yr,0,0
Connecticut,EIP,2011-12,2012,5,5-17 yr,0,0
Connecticut,EIP,2011-12,2012,6,5-17 yr,0,0
Connecticut,EIP,2011-12,2012,7,5-17 yr,0,0
Connecticut,EIP,2011-12,2012,8,5-17 yr,0,0
Connecticut,EIP,2011-12,2012,9,5-17 yr,0,0
Connecticut,EIP,2011-12,2012,10,5-17 yr,0.3,0.3
Connecticut,EIP,2011-12,2012,11,5-17 yr,0.6,0.3
Connecticut,EIP,2011-12,2012,12,5-17 yr,1.3,0.6
Connecticut,EIP,2011-12,2012,13,5-17 yr,1.6,0.3
Connecticut,EIP,2011-12,2012,14,5-17 yr,1.9,0.3
Connecticut,EIP,2011-12,2012,15,5-17 yr,1.9,0
Connecticut,EIP,2011-12,2012,16,5-17 yr,1.9,0
Connecticut,EIP,2011-12,2012,17,5-17 yr,1.9,0
Connecticut,EIP,2011-12,2011,40,18-49 yr,0.1,0.1
Connecticut,EIP,2011-12,2011,41,18-49 yr,0.1,0
Connecticut,EIP,2011-12,2011,42,18-49 yr,0.1,0
Connecticut,EIP,2011-12,2011,43,18-49 yr,0.1,0
Connecticut,EIP,2011-12,2011,44,18-49 yr,0.1,0
Connecticut,EIP,2011-12,2011,45,18-49 yr,0.1,0
Connecticut,EIP,2011-12,2011,46,18-49 yr,0.1,0
Connecticut,EIP,2011-12,2011,47,18-49 yr,0.1,0
Connecticut,EIP,2011-12,2011,48,18-49 yr,0.1,0
Connecticut,EIP,2011-12,2011,49,18-49 yr,0.1,0
Connecticut,EIP,2011-12,2011,50,18-49 yr,0.1,0
Connecticut,EIP,2011-12,2011,51,18-49 yr,0.1,0
Connecticut,EIP,2011-12,2011,52,18-49 yr,0.1,0
Connecticut,EIP,2011-12,2012,1,18-49 yr,0.1,0
Connecticut,EIP,2011-12,2012,2,18-49 yr,0.1,0
Connecticut,EIP,2011-12,2012,3,18-49 yr,0.1,0
Connecticut,EIP,2011-12,2012,4,18-49 yr,0.1,0
Connecticut,EIP,2011-12,2012,5,18-49 yr,0.2,0.1
Connecticut,EIP,2011-12,2012,6,18-49 yr,0.4,0.1
Connecticut,EIP,2011-12,2012,7,18-49 yr,0.4,0
Connecticut,EIP,2011-12,2012,8,18-49 yr,0.5,0.1
Connecticut,EIP,2011-12,2012,9,18-49 yr,0.5,0
Connecticut,EIP,2011-12,2012,10,18-49 yr,0.9,0.4
Connecticut,EIP,2011-12,2012,11,18-49 yr,2.1,1.2
Connecticut,EIP,2011-12,2012,12,18-49 yr,2.7,0.6
Connecticut,EIP,2011-12,2012,13,18-49 yr,3.3,0.6
Connecticut,EIP,2011-12,2012,14,18-49 yr,3.8,0.5
Connecticut,EIP,2011-12,2012,15,18-49 yr,4.3,0.5
Connecticut,EIP,2011-12,2012,16,18-49 yr,4.6,0.4
Connecticut,EIP,2011-12,2012,17,18-49 yr,5.1,0.5
Connecticut,EIP,2011-12,2011,40,50-64 yr,0.5,0.5
Connecticut,EIP,2011-12,2011,41,50-64 yr,0.5,0
Connecticut,EIP,2011-12,2011,42,50-64 yr,0.5,0
Connecticut,EIP,2011-12,2011,43,50-64 yr,0.5,0
Connecticut,EIP,2011-12,2011,44,50-64 yr,0.5,0
Connecticut,EIP,2011-12,2011,45,50-64 yr,0.5,0
Connecticut,EIP,2011-12,2011,46,50-64 yr,0.5,0
Connecticut,EIP,2011-12,2011,47,50-64 yr,0.5,0
Connecticut,EIP,2011-12,2011,48,50-64 yr,0.5,0
Connecticut,EIP,2011-12,2011,49,50-64 yr,0.5,0
Connecticut,EIP,2011-12,2011,50,50-64 yr,0.5,0
Connecticut,EIP,2011-12,2011,51,50-64 yr,0.5,0
Connecticut,EIP,2011-12,2011,52,50-64 yr,0.5,0
Connecticut,EIP,2011-12,2012,1,50-64 yr,0.7,0.2
Connecticut,EIP,2011-12,2012,2,50-64 yr,0.7,0
Connecticut,EIP,2011-12,2012,3,50-64 yr,0.7,0
Connecticut,EIP,2011-12,2012,4,50-64 yr,0.7,0
Connecticut,EIP,2011-12,2012,5,50-64 yr,0.7,0
Connecticut,EIP,2011-12,2012,6,50-64 yr,0.7,0
Connecticut,EIP,2011-12,2012,7,50-64 yr,1,0.2
Connecticut,EIP,2011-12,2012,8,50-64 yr,1,0
Connecticut,EIP,2011-12,2012,9,50-64 yr,1,0
Connecticut,EIP,2011-12,2012,10,50-64 yr,1.5,0.5
Connecticut,EIP,2011-12,2012,11,50-64 yr,2.5,1
Connecticut,EIP,2011-12,2012,12,50-64 yr,3.2,0.7
Connecticut,EIP,2011-12,2012,13,50-64 yr,4.2,1
Connecticut,EIP,2011-12,2012,14,50-64 yr,6,1.7
Connecticut,EIP,2011-12,2012,15,50-64 yr,8,2
Connecticut,EIP,2011-12,2012,16,50-64 yr,9.2,1.2
Connecticut,EIP,2011-12,2012,17,50-64 yr,9.5,0.2
Connecticut,EIP,2011-12,2011,40,65+ yr,0,0
Connecticut,EIP,2011-12,2011,41,65+ yr,0,0
Connecticut,EIP,2011-12,2011,42,65+ yr,0,0
Connecticut,EIP,2011-12,2011,43,65+ yr,0,0
Connecticut,EIP,2011-12,2011,44,65+ yr,0.4,0.4
Connecticut,EIP,2011-12,2011,45,65+ yr,0.4,0
Connecticut,EIP,2011-12,2011,46,65+ yr,0.4,0
Connecticut,EIP,2011-12,2011,47,65+ yr,0.4,0
Connecticut,EIP,2011-12,2011,48,65+ yr,0.4,0
Connecticut,EIP,2011-12,2011,49,65+ yr,0.7,0.4
Connecticut,EIP,2011-12,2011,50,65+ yr,0.7,0
Connecticut,EIP,2011-12,2011,51,65+ yr,0.7,0
Connecticut,EIP,2011-12,2011,52,65+ yr,1.1,0.4
Connecticut,EIP,2011-12,2012,1,65+ yr,1.1,0
Connecticut,EIP,2011-12,2012,2,65+ yr,1.8,0.7
Connecticut,EIP,2011-12,2012,3,65+ yr,2.1,0.4
Connecticut,EIP,2011-12,2012,4,65+ yr,2.1,0
Connecticut,EIP,2011-12,2012,5,65+ yr,2.1,0
Connecticut,EIP,2011-12,2012,6,65+ yr,2.1,0
Connecticut,EIP,2011-12,2012,7,65+ yr,2.5,0.4
Connecticut,EIP,2011-12,2012,8,65+ yr,3.2,0.7
Connecticut,EIP,2011-12,2012,9,65+ yr,5.6,2.5
Connecticut,EIP,2011-12,2012,10,65+ yr,8.1,2.5
Connecticut,EIP,2011-12,2012,11,65+ yr,12.3,4.2
Connecticut,EIP,2011-12,2012,12,65+ yr,14.4,2.1
Connecticut,EIP,2011-12,2012,13,65+ yr,15.8,1.4
Connecticut,EIP,2011-12,2012,14,65+ yr,20.4,4.6
Connecticut,EIP,2011-12,2012,15,65+ yr,27.7,7.4
Connecticut,EIP,2011-12,2012,16,65+ yr,32.7,4.9
Connecticut,EIP,2011-12,2012,17,65+ yr,36.9,4.2
Connecticut,EIP,2011-12,2011,40,Overall,0.2,0.2
Connecticut,EIP,2011-12,2011,41,Overall,0.2,0
Connecticut,EIP,2011-12,2011,42,Overall,0.2,0
Connecticut,EIP,2011-12,2011,43,Overall,0.2,0
Connecticut,EIP,2011-12,2011,44,Overall,0.2,0.1
Connecticut,EIP,2011-12,2011,45,Overall,0.2,0
Connecticut,EIP,2011-12,2011,46,Overall,0.2,0
Connecticut,EIP,2011-12,2011,47,Overall,0.2,0
Connecticut,EIP,2011-12,2011,48,Overall,0.2,0
Connecticut,EIP,2011-12,2011,49,Overall,0.3,0.1
Connecticut,EIP,2011-12,2011,50,Overall,0.3,0
Connecticut,EIP,2011-12,2011,51,Overall,0.3,0
Connecticut,EIP,2011-12,2011,52,Overall,0.3,0.1
Connecticut,EIP,2011-12,2012,1,Overall,0.4,0.1
Connecticut,EIP,2011-12,2012,2,Overall,0.5,0.1
Connecticut,EIP,2011-12,2012,3,Overall,0.5,0.1
Connecticut,EIP,2011-12,2012,4,Overall,0.5,0
Connecticut,EIP,2011-12,2012,5,Overall,0.6,0.1
Connecticut,EIP,2011-12,2012,6,Overall,0.6,0.1
Connecticut,EIP,2011-12,2012,7,Overall,0.7,0.1
Connecticut,EIP,2011-12,2012,8,Overall,0.9,0.2
Connecticut,EIP,2011-12,2012,9,Overall,1.2,0.4
Connecticut,EIP,2011-12,2012,10,Overall,2,0.7
Connecticut,EIP,2011-12,2012,11,Overall,3.4,1.5
Connecticut,EIP,2011-12,2012,12,Overall,4.3,0.9
Connecticut,EIP,2011-12,2012,13,Overall,5,0.7
Connecticut,EIP,2011-12,2012,14,Overall,6.4,1.3
Connecticut,EIP,2011-12,2012,15,Overall,8.1,1.8
Connecticut,EIP,2011-12,2012,16,Overall,9.3,1.1
Connecticut,EIP,2011-12,2012,17,Overall,10.2,0.9
Connecticut,EIP,2012-13,2012,40,0-4 yr,0,0
Connecticut,EIP,2012-13,2012,41,0-4 yr,0,0
Connecticut,EIP,2012-13,2012,42,0-4 yr,0,0
Connecticut,EIP,2012-13,2012,43,0-4 yr,0,0
Connecticut,EIP,2012-13,2012,44,0-4 yr,0,0
Connecticut,EIP,2012-13,2012,45,0-4 yr,0,0
Connecticut,EIP,2012-13,2012,46,0-4 yr,0,0
Connecticut,EIP,2012-13,2012,47,0-4 yr,0,0
Connecticut,EIP,2012-13,2012,48,0-4 yr,0,0
Connecticut,EIP,2012-13,2012,49,0-4 yr,1.8,1.8
Connecticut,EIP,2012-13,2012,50,0-4 yr,3.7,1.8
Connecticut,EIP,2012-13,2012,51,0-4 yr,5.5,1.8
Connecticut,EIP,2012-13,2012,52,0-4 yr,9.2,3.7
Connecticut,EIP,2012-13,2013,1,0-4 yr,14.6,5.5
Connecticut,EIP,2012-13,2013,2,0-4 yr,23.8,9.2
Connecticut,EIP,2012-13,2013,3,0-4 yr,31.1,7.3
Connecticut,EIP,2012-13,2013,4,0-4 yr,34.8,3.7
Connecticut,EIP,2012-13,2013,5,0-4 yr,36.6,1.8
Connecticut,EIP,2012-13,2013,6,0-4 yr,36.6,0
Connecticut,EIP,2012-13,2013,7,0-4 yr,38.5,1.8
Connecticut,EIP,2012-13,2013,8,0-4 yr,38.5,0
Connecticut,EIP,2012-13,2013,9,0-4 yr,38.5,0
Connecticut,EIP,2012-13,2013,10,0-4 yr,42.1,3.7
Connecticut,EIP,2012-13,2013,11,0-4 yr,49.4,7.3
Connecticut,EIP,2012-13,2013,12,0-4 yr,49.4,0
Connecticut,EIP,2012-13,2013,13,0-4 yr,51.3,1.8
Connecticut,EIP,2012-13,2013,14,0-4 yr,51.3,0
Connecticut,EIP,2012-13,2013,15,0-4 yr,51.3,0
Connecticut,EIP,2012-13,2013,16,0-4 yr,53.1,1.8
Connecticut,EIP,2012-13,2013,17,0-4 yr,53.1,0
Connecticut,EIP,2012-13,2012,40,5-17 yr,0,0
Connecticut,EIP,2012-13,2012,41,5-17 yr,0,0
Connecticut,EIP,2012-13,2012,42,5-17 yr,0,0
Connecticut,EIP,2012-13,2012,43,5-17 yr,0,0
Connecticut,EIP,2012-13,2012,44,5-17 yr,0,0
Connecticut,EIP,2012-13,2012,45,5-17 yr,0,0
Connecticut,EIP,2012-13,2012,46,5-17 yr,0,0
Connecticut,EIP,2012-13,2012,47,5-17 yr,0,0
Connecticut,EIP,2012-13,2012,48,5-17 yr,0,0
Connecticut,EIP,2012-13,2012,49,5-17 yr,1.2,1.2
Connecticut,EIP,2012-13,2012,50,5-17 yr,3,1.8
Connecticut,EIP,2012-13,2012,51,5-17 yr,3.6,0.6
Connecticut,EIP,2012-13,2012,52,5-17 yr,4.8,1.2
Connecticut,EIP,2012-13,2013,1,5-17 yr,5.4,0.6
Connecticut,EIP,2012-13,2013,2,5-17 yr,5.4,0
Connecticut,EIP,2012-13,2013,3,5-17 yr,8.5,3
Connecticut,EIP,2012-13,2013,4,5-17 yr,9.1,0.6
Connecticut,EIP,2012-13,2013,5,5-17 yr,9.7,0.6
Connecticut,EIP,2012-13,2013,6,5-17 yr,10.3,0.6
Connecticut,EIP,2012-13,2013,7,5-17 yr,10.3,0
Connecticut,EIP,2012-13,2013,8,5-17 yr,10.9,0.6
Connecticut,EIP,2012-13,2013,9,5-17 yr,12.1,1.2
Connecticut,EIP,2012-13,2013,10,5-17 yr,12.1,0
Connecticut,EIP,2012-13,2013,11,5-17 yr,13.3,1.2
Connecticut,EIP,2012-13,2013,12,5-17 yr,15.1,1.8
Connecticut,EIP,2012-13,2013,13,5-17 yr,15.1,0
Connecticut,EIP,2012-13,2013,14,5-17 yr,15.1,0
Connecticut,EIP,2012-13,2013,15,5-17 yr,15.1,0
Connecticut,EIP,2012-13,2013,16,5-17 yr,15.1,0
Connecticut,EIP,2012-13,2013,17,5-17 yr,16.3,1.2
Connecticut,EIP,2012-13,2012,40,18-49 yr,0,0
Connecticut,EIP,2012-13,2012,41,18-49 yr,0,0
Connecticut,EIP,2012-13,2012,42,18-49 yr,0,0
Connecticut,EIP,2012-13,2012,43,18-49 yr,0,0
Connecticut,EIP,2012-13,2012,44,18-49 yr,0,0
Connecticut,EIP,2012-13,2012,45,18-49 yr,0,0
Connecticut,EIP,2012-13,2012,46,18-49 yr,0,0
Connecticut,EIP,2012-13,2012,47,18-49 yr,0,0
Connecticut,EIP,2012-13,2012,48,18-49 yr,0,0
Connecticut,EIP,2012-13,2012,49,18-49 yr,0.9,0.9
Connecticut,EIP,2012-13,2012,50,18-49 yr,2.1,1.1
Connecticut,EIP,2012-13,2012,51,18-49 yr,5,3
Connecticut,EIP,2012-13,2012,52,18-49 yr,9.2,4.1
Connecticut,EIP,2012-13,2013,1,18-49 yr,14.7,5.5
Connecticut,EIP,2012-13,2013,2,18-49 yr,16.9,2.3
Connecticut,EIP,2012-13,2013,3,18-49 yr,18.6,1.6
Connecticut,EIP,2012-13,2013,4,18-49 yr,20.6,2.1
Connecticut,EIP,2012-13,2013,5,18-49 yr,21.8,1.1
Connecticut,EIP,2012-13,2013,6,18-49 yr,22.2,0.5
Connecticut,EIP,2012-13,2013,7,18-49 yr,22.9,0.7
Connecticut,EIP,2012-13,2013,8,18-49 yr,23.8,0.9
Connecticut,EIP,2012-13,2013,9,18-49 yr,25,1.1
Connecticut,EIP,2012-13,2013,10,18-49 yr,25.9,0.9
Connecticut,EIP,2012-13,2013,11,18-49 yr,27,1.1
Connecticut,EIP,2012-13,2013,12,18-49 yr,27.9,0.9
Connecticut,EIP,2012-13,2013,13,18-49 yr,28.9,0.9
Connecticut,EIP,2012-13,2013,14,18-49 yr,30,1.1
Connecticut,EIP,2012-13,2013,15,18-49 yr,30,0
Connecticut,EIP,2012-13,2013,16,18-49 yr,30.9,0.9
Connecticut,EIP,2012-13,2013,17,18-49 yr,31.1,0.2
Connecticut,EIP,2012-13,2012,40,50-64 yr,0,0
Connecticut,EIP,2012-13,2012,41,50-64 yr,0,0
Connecticut,EIP,2012-13,2012,42,50-64 yr,0,0
Connecticut,EIP,2012-13,2012,43,50-64 yr,0,0
Connecticut,EIP,2012-13,2012,44,50-64 yr,0,0
Connecticut,EIP,2012-13,2012,45,50-64 yr,0,0
Connecticut,EIP,2012-13,2012,46,50-64 yr,0.5,0.5
Connecticut,EIP,2012-13,2012,47,50-64 yr,0.5,0
Connecticut,EIP,2012-13,2012,48,50-64 yr,0.9,0.5
Connecticut,EIP,2012-13,2012,49,50-64 yr,3.2,2.3
Connecticut,EIP,2012-13,2012,50,50-64 yr,5.1,1.8
Connecticut,EIP,2012-13,2012,51,50-64 yr,10.6,5.5
Connecticut,EIP,2012-13,2012,52,50-64 yr,20.8,10.2
Connecticut,EIP,2012-13,2013,1,50-64 yr,36.5,15.7
Connecticut,EIP,2012-13,2013,2,50-64 yr,41.6,5.1
Connecticut,EIP,2012-13,2013,3,50-64 yr,47.6,6
Connecticut,EIP,2012-13,2013,4,50-64 yr,52.3,4.6
Connecticut,EIP,2012-13,2013,5,50-64 yr,55,2.8
Connecticut,EIP,2012-13,2013,6,50-64 yr,56,0.9
Connecticut,EIP,2012-13,2013,7,50-64 yr,56.9,0.9
Connecticut,EIP,2012-13,2013,8,50-64 yr,57.8,0.9
Connecticut,EIP,2012-13,2013,9,50-64 yr,59.7,1.8
Connecticut,EIP,2012-13,2013,10,50-64 yr,60.1,0.5
Connecticut,EIP,2012-13,2013,11,50-64 yr,61,0.9
Connecticut,EIP,2012-13,2013,12,50-64 yr,62,0.9
Connecticut,EIP,2012-13,2013,13,50-64 yr,62.9,0.9
Connecticut,EIP,2012-13,2013,14,50-64 yr,67.1,4.2
Connecticut,EIP,2012-13,2013,15,50-64 yr,68.9,1.8
Connecticut,EIP,2012-13,2013,16,50-64 yr,69.8,0.9
Connecticut,EIP,2012-13,2013,17,50-64 yr,71.2,1.4
Connecticut,EIP,2012-13,2012,40,65+ yr,0,0
Connecticut,EIP,2012-13,2012,41,65+ yr,0,0
Connecticut,EIP,2012-13,2012,42,65+ yr,0.6,0.6
Connecticut,EIP,2012-13,2012,43,65+ yr,0.6,0
Connecticut,EIP,2012-13,2012,44,65+ yr,0.6,0
Connecticut,EIP,2012-13,2012,45,65+ yr,0.6,0
Connecticut,EIP,2012-13,2012,46,65+ yr,0.6,0
Connecticut,EIP,2012-13,2012,47,65+ yr,3.2,2.5
Connecticut,EIP,2012-13,2012,48,65+ yr,4.4,1.3
Connecticut,EIP,2012-13,2012,49,65+ yr,7,2.5
Connecticut,EIP,2012-13,2012,50,65+ yr,15.2,8.2
Connecticut,EIP,2012-13,2012,51,65+ yr,32.3,17.1
Connecticut,EIP,2012-13,2012,52,65+ yr,84.2,51.9
Connecticut,EIP,2012-13,2013,1,65+ yr,158.9,74.7
Connecticut,EIP,2012-13,2013,2,65+ yr,226,67.1
Connecticut,EIP,2012-13,2013,3,65+ yr,267.8,41.8
Connecticut,EIP,2012-13,2013,4,65+ yr,297.6,29.8
Connecticut,EIP,2012-13,2013,5,65+ yr,315.9,18.4
Connecticut,EIP,2012-13,2013,6,65+ yr,328,12
Connecticut,EIP,2012-13,2013,7,65+ yr,334.9,7
Connecticut,EIP,2012-13,2013,8,65+ yr,336.8,1.9
Connecticut,EIP,2012-13,2013,9,65+ yr,344.4,7.6
Connecticut,EIP,2012-13,2013,10,65+ yr,351.4,7
Connecticut,EIP,2012-13,2013,11,65+ yr,355.2,3.8
Connecticut,EIP,2012-13,2013,12,65+ yr,361.5,6.3
Connecticut,EIP,2012-13,2013,13,65+ yr,364.7,3.2
Connecticut,EIP,2012-13,2013,14,65+ yr,372.3,7.6
Connecticut,EIP,2012-13,2013,15,65+ yr,375.5,3.2
Connecticut,EIP,2012-13,2013,16,65+ yr,377.4,1.9
Connecticut,EIP,2012-13,2013,17,65+ yr,378,0.6
Connecticut,EIP,2012-13,2012,40,Overall,0,0
Connecticut,EIP,2012-13,2012,41,Overall,0,0
Connecticut,EIP,2012-13,2012,42,Overall,0.1,0.1
Connecticut,EIP,2012-13,2012,43,Overall,0.1,0
Connecticut,EIP,2012-13,2012,44,Overall,0.1,0
Connecticut,EIP,2012-13,2012,45,Overall,0.1,0
Connecticut,EIP,2012-13,2012,46,Overall,0.2,0.1
Connecticut,EIP,2012-13,2012,47,Overall,0.6,0.4
Connecticut,EIP,2012-13,2012,48,Overall,0.9,0.3
Connecticut,EIP,2012-13,2012,49,Overall,2.4,1.6
Connecticut,EIP,2012-13,2012,50,Overall,4.9,2.5
Connecticut,EIP,2012-13,2012,51,Overall,10.2,5.2
Connecticut,EIP,2012-13,2012,52,Overall,22.4,12.2
Connecticut,EIP,2012-13,2013,1,Overall,39.9,17.5
Connecticut,EIP,2012-13,2013,2,Overall,52.7,12.8
Connecticut,EIP,2012-13,2013,3,Overall,61.9,9.2
Connecticut,EIP,2012-13,2013,4,Overall,68.6,6.7
Connecticut,EIP,2012-13,2013,5,Overall,72.7,4.1
Connecticut,EIP,2012-13,2013,6,Overall,75,2.3
Connecticut,EIP,2012-13,2013,7,Overall,76.6,1.6
Connecticut,EIP,2012-13,2013,8,Overall,77.6,1
Connecticut,EIP,2012-13,2013,9,Overall,79.8,2.2
Connecticut,EIP,2012-13,2013,10,Overall,81.6,1.7
Connecticut,EIP,2012-13,2013,11,Overall,83.4,1.8
Connecticut,EIP,2012-13,2013,12,Overall,85.3,1.8
Connecticut,EIP,2012-13,2013,13,Overall,86.4,1.2
Connecticut,EIP,2012-13,2013,14,Overall,89,2.5
Connecticut,EIP,2012-13,2013,15,Overall,89.8,0.9
Connecticut,EIP,2012-13,2013,16,Overall,90.8,1
Connecticut,EIP,2012-13,2013,17,Overall,91.5,0.7
Connecticut,EIP,2013-14,2013,40,0-4 yr,0,0
Connecticut,EIP,2013-14,2013,41,0-4 yr,0,0
Connecticut,EIP,2013-14,2013,42,0-4 yr,0,0
Connecticut,EIP,2013-14,2013,43,0-4 yr,0,0
Connecticut,EIP,2013-14,2013,44,0-4 yr,0,0
Connecticut,EIP,2013-14,2013,45,0-4 yr,0,0
Connecticut,EIP,2013-14,2013,46,0-4 yr,0,0
Connecticut,EIP,2013-14,2013,47,0-4 yr,0,0
Connecticut,EIP,2013-14,2013,48,0-4 yr,0,0
Connecticut,EIP,2013-14,2013,49,0-4 yr,0,0
Connecticut,EIP,2013-14,2013,50,0-4 yr,0,0
Connecticut,EIP,2013-14,2013,51,0-4 yr,0,0
Connecticut,EIP,2013-14,2013,52,0-4 yr,0,0
Connecticut,EIP,2013-14,2014,1,0-4 yr,3.8,3.8
Connecticut,EIP,2013-14,2014,2,0-4 yr,3.8,0
Connecticut,EIP,2013-14,2014,3,0-4 yr,7.5,3.8
Connecticut,EIP,2013-14,2014,4,0-4 yr,11.3,3.8
Connecticut,EIP,2013-14,2014,5,0-4 yr,18.8,7.5
Connecticut,EIP,2013-14,2014,6,0-4 yr,20.7,1.9
Connecticut,EIP,2013-14,2014,7,0-4 yr,22.6,1.9
Connecticut,EIP,2013-14,2014,8,0-4 yr,24.4,1.9
Connecticut,EIP,2013-14,2014,9,0-4 yr,24.4,0
Connecticut,EIP,2013-14,2014,10,0-4 yr,26.3,1.9
Connecticut,EIP,2013-14,2014,11,0-4 yr,26.3,0
Connecticut,EIP,2013-14,2014,12,0-4 yr,30.1,3.8
Connecticut,EIP,2013-14,2014,13,0-4 yr,32,1.9
Connecticut,EIP,2013-14,2014,14,0-4 yr,32,0
Connecticut,EIP,2013-14,2014,15,0-4 yr,33.8,1.9
Connecticut,EIP,2013-14,2014,16,0-4 yr,35.7,1.9
Connecticut,EIP,2013-14,2014,17,0-4 yr,35.7,0
Connecticut,EIP,2013-14,2013,40,5-17 yr,0,0
Connecticut,EIP,2013-14,2013,41,5-17 yr,0,0
Connecticut,EIP,2013-14,2013,42,5-17 yr,0,0
Connecticut,EIP,2013-14,2013,43,5-17 yr,0,0
Connecticut,EIP,2013-14,2013,44,5-17 yr,0,0
Connecticut,EIP,2013-14,2013,45,5-17 yr,0,0
Connecticut,EIP,2013-14,2013,46,5-17 yr,0,0
Connecticut,EIP,2013-14,2013,47,5-17 yr,0,0
Connecticut,EIP,2013-14,2013,48,5-17 yr,0,0
Connecticut,EIP,2013-14,2013,49,5-17 yr,0,0
Connecticut,EIP,2013-14,2013,50,5-17 yr,0.6,0.6
Connecticut,EIP,2013-14,2013,51,5-17 yr,0.6,0
Connecticut,EIP,2013-14,2013,52,5-17 yr,1.2,0.6
Connecticut,EIP,2013-14,2014,1,5-17 yr,1.8,0.6
Connecticut,EIP,2013-14,2014,2,5-17 yr,3.1,1.2
Connecticut,EIP,2013-14,2014,3,5-17 yr,3.7,0.6
Connecticut,EIP,2013-14,2014,4,5-17 yr,4.3,0.6
Connecticut,EIP,2013-14,2014,5,5-17 yr,5.5,1.2
Connecticut,EIP,2013-14,2014,6,5-17 yr,7.4,1.8
Connecticut,EIP,2013-14,2014,7,5-17 yr,7.4,0
Connecticut,EIP,2013-14,2014,8,5-17 yr,8.6,1.2
Connecticut,EIP,2013-14,2014,9,5-17 yr,8.6,0
Connecticut,EIP,2013-14,2014,10,5-17 yr,9.2,0.6
Connecticut,EIP,2013-14,2014,11,5-17 yr,11,1.8
Connecticut,EIP,2013-14,2014,12,5-17 yr,13.5,2.5
Connecticut,EIP,2013-14,2014,13,5-17 yr,13.5,0
Connecticut,EIP,2013-14,2014,14,5-17 yr,15.3,1.8
Connecticut,EIP,2013-14,2014,15,5-17 yr,15.9,0.6
Connecticut,EIP,2013-14,2014,16,5-17 yr,16.6,0.6
Connecticut,EIP,2013-14,2014,17,5-17 yr,17.8,1.2
Connecticut,EIP,2013-14,2013,40,18-49 yr,0,0
Connecticut,EIP,2013-14,2013,41,18-49 yr,0,0
Connecticut,EIP,2013-14,2013,42,18-49 yr,0,0
Connecticut,EIP,2013-14,2013,43,18-49 yr,0,0
Connecticut,EIP,2013-14,2013,44,18-49 yr,0.2,0.2
Connecticut,EIP,2013-14,2013,45,18-49 yr,0.7,0.5
Connecticut,EIP,2013-14,2013,46,18-49 yr,0.9,0.2
Connecticut,EIP,2013-14,2013,47,18-49 yr,1.2,0.2
Connecticut,EIP,2013-14,2013,48,18-49 yr,1.2,0
Connecticut,EIP,2013-14,2013,49,18-49 yr,1.6,0.5
Connecticut,EIP,2013-14,2013,50,18-49 yr,1.6,0
Connecticut,EIP,2013-14,2013,51,18-49 yr,3,1.4
Connecticut,EIP,2013-14,2013,52,18-49 yr,6,3
Connecticut,EIP,2013-14,2014,1,18-49 yr,8.1,2.1
Connecticut,EIP,2013-14,2014,2,18-49 yr,10.4,2.3
Connecticut,EIP,2013-14,2014,3,18-49 yr,15.7,5.3
Connecticut,EIP,2013-14,2014,4,18-49 yr,19.4,3.7
Connecticut,EIP,2013-14,2014,5,18-49 yr,23.1,3.7
Connecticut,EIP,2013-14,2014,6,18-49 yr,26.1,3
Connecticut,EIP,2013-14,2014,7,18-49 yr,28.4,2.3
Connecticut,EIP,2013-14,2014,8,18-49 yr,30.7,2.3
Connecticut,EIP,2013-14,2014,9,18-49 yr,32.8,2.1
Connecticut,EIP,2013-14,2014,10,18-49 yr,33.9,1.2
Connecticut,EIP,2013-14,2014,11,18-49 yr,35.8,1.8
Connecticut,EIP,2013-14,2014,12,18-49 yr,37.6,1.8
Connecticut,EIP,2013-14,2014,13,18-49 yr,39.9,2.3
Connecticut,EIP,2013-14,2014,14,18-49 yr,42.2,2.3
Connecticut,EIP,2013-14,2014,15,18-49 yr,45.5,3.2
Connecticut,EIP,2013-14,2014,16,18-49 yr,47.8,2.3
Connecticut,EIP,2013-14,2014,17,18-49 yr,49.2,1.4
Connecticut,EIP,2013-14,2013,40,50-64 yr,0,0
Connecticut,EIP,2013-14,2013,41,50-64 yr,0,0
Connecticut,EIP,2013-14,2013,42,50-64 yr,0,0
Connecticut,EIP,2013-14,2013,43,50-64 yr,0.5,0.5
Connecticut,EIP,2013-14,2013,44,50-64 yr,0.9,0.5
Connecticut,EIP,2013-14,2013,45,50-64 yr,0.9,0
Connecticut,EIP,2013-14,2013,46,50-64 yr,0.9,0
Connecticut,EIP,2013-14,2013,47,50-64 yr,0.9,0
Connecticut,EIP,2013-14,2013,48,50-64 yr,0.9,0
Connecticut,EIP,2013-14,2013,49,50-64 yr,1.8,0.9
Connecticut,EIP,2013-14,2013,50,50-64 yr,2.3,0.5
Connecticut,EIP,2013-14,2013,51,50-64 yr,3.7,1.4
Connecticut,EIP,2013-14,2013,52,50-64 yr,3.7,0
Connecticut,EIP,2013-14,2014,1,50-64 yr,7.8,4.1
Connecticut,EIP,2013-14,2014,2,50-64 yr,15.1,7.3
Connecticut,EIP,2013-14,2014,3,50-64 yr,23.8,8.7
Connecticut,EIP,2013-14,2014,4,50-64 yr,32.5,8.7
Connecticut,EIP,2013-14,2014,5,50-64 yr,39.9,7.3
Connecticut,EIP,2013-14,2014,6,50-64 yr,50.4,10.5
Connecticut,EIP,2013-14,2014,7,50-64 yr,61,10.5
Connecticut,EIP,2013-14,2014,8,50-64 yr,67.4,6.4
Connecticut,EIP,2013-14,2014,9,50-64 yr,72.9,5.5
Connecticut,EIP,2013-14,2014,10,50-64 yr,76.1,3.2
Connecticut,EIP,2013-14,2014,11,50-64 yr,81.1,5
Connecticut,EIP,2013-14,2014,12,50-64 yr,85.2,4.1
Connecticut,EIP,2013-14,2014,13,50-64 yr,91.7,6.4
Connecticut,EIP,2013-14,2014,14,50-64 yr,99.5,7.8
Connecticut,EIP,2013-14,2014,15,50-64 yr,108.6,9.2
Connecticut,EIP,2013-14,2014,16,50-64 yr,114.1,5.5
Connecticut,EIP,2013-14,2014,17,50-64 yr,122.4,8.2
Connecticut,EIP,2013-14,2013,40,65+ yr,0,0
Connecticut,EIP,2013-14,2013,41,65+ yr,0.6,0.6
Connecticut,EIP,2013-14,2013,42,65+ yr,0.6,0
Connecticut,EIP,2013-14,2013,43,65+ yr,1.2,0.6
Connecticut,EIP,2013-14,2013,44,65+ yr,1.8,0.6
Connecticut,EIP,2013-14,2013,45,65+ yr,1.8,0
Connecticut,EIP,2013-14,2013,46,65+ yr,1.8,0
Connecticut,EIP,2013-14,2013,47,65+ yr,2.5,0.6
Connecticut,EIP,2013-14,2013,48,65+ yr,3.1,0.6
Connecticut,EIP,2013-14,2013,49,65+ yr,4.9,1.8
Connecticut,EIP,2013-14,2013,50,65+ yr,6.8,1.8
Connecticut,EIP,2013-14,2013,51,65+ yr,6.8,0
Connecticut,EIP,2013-14,2013,52,65+ yr,9.2,2.5
Connecticut,EIP,2013-14,2014,1,65+ yr,17.3,8
Connecticut,EIP,2013-14,2014,2,65+ yr,24.7,7.4
Connecticut,EIP,2013-14,2014,3,65+ yr,31.4,6.8
Connecticut,EIP,2013-14,2014,4,65+ yr,40.7,9.2
Connecticut,EIP,2013-14,2014,5,65+ yr,51.2,10.5
Connecticut,EIP,2013-14,2014,6,65+ yr,62.3,11.1
Connecticut,EIP,2013-14,2014,7,65+ yr,77.1,14.8
Connecticut,EIP,2013-14,2014,8,65+ yr,87.5,10.5
Connecticut,EIP,2013-14,2014,9,65+ yr,98,10.5
Connecticut,EIP,2013-14,2014,10,65+ yr,114.7,16.6
Connecticut,EIP,2013-14,2014,11,65+ yr,135.6,21
Connecticut,EIP,2013-14,2014,12,65+ yr,170.8,35.1
Connecticut,EIP,2013-14,2014,13,65+ yr,196.6,25.9
Connecticut,EIP,2013-14,2014,14,65+ yr,222.5,25.9
Connecticut,EIP,2013-14,2014,15,65+ yr,256.4,33.9
Connecticut,EIP,2013-14,2014,16,65+ yr,276.8,20.3
Connecticut,EIP,2013-14,2014,17,65+ yr,296.5,19.7
Connecticut,EIP,2013-14,2013,40,Overall,0,0
Connecticut,EIP,2013-14,2013,41,Overall,0.1,0.1
Connecticut,EIP,2013-14,2013,42,Overall,0.1,0
Connecticut,EIP,2013-14,2013,43,Overall,0.3,0.2
Connecticut,EIP,2013-14,2013,44,Overall,0.6,0.3
Connecticut,EIP,2013-14,2013,45,Overall,0.8,0.2
Connecticut,EIP,2013-14,2013,46,Overall,0.9,0.1
Connecticut,EIP,2013-14,2013,47,Overall,1.1,0.2
Connecticut,EIP,2013-14,2013,48,Overall,1.2,0.1
Connecticut,EIP,2013-14,2013,49,Overall,1.8,0.7
Connecticut,EIP,2013-14,2013,50,Overall,2.3,0.5
Connecticut,EIP,2013-14,2013,51,Overall,3.2,0.9
Connecticut,EIP,2013-14,2013,52,Overall,5,1.7
Connecticut,EIP,2013-14,2014,1,Overall,8.3,3.3
Connecticut,EIP,2013-14,2014,2,Overall,12.1,3.9
Connecticut,EIP,2013-14,2014,3,Overall,17.6,5.4
Connecticut,EIP,2013-14,2014,4,Overall,22.7,5.1
Connecticut,EIP,2013-14,2014,5,Overall,28.1,5.3
Connecticut,EIP,2013-14,2014,6,Overall,33.7,5.6
Connecticut,EIP,2013-14,2014,7,Overall,39.3,5.6
Connecticut,EIP,2013-14,2014,8,Overall,43.6,4.3
Connecticut,EIP,2013-14,2014,9,Overall,47.3,3.7
Connecticut,EIP,2013-14,2014,10,Overall,51.3,4
Connecticut,EIP,2013-14,2014,11,Overall,56.7,5.4
Connecticut,EIP,2013-14,2014,12,Overall,64.5,7.8
Connecticut,EIP,2013-14,2014,13,Overall,71,6.5
Connecticut,EIP,2013-14,2014,14,Overall,78,7
Connecticut,EIP,2013-14,2014,15,Overall,86.8,8.8
Connecticut,EIP,2013-14,2014,16,Overall,92.3,5.5
Connecticut,EIP,2013-14,2014,17,Overall,98,5.6
Connecticut,EIP,2014-15,2014,40,0-4 yr,0,0
Connecticut,EIP,2014-15,2014,41,0-4 yr,0,0
Connecticut,EIP,2014-15,2014,42,0-4 yr,0,0
Connecticut,EIP,2014-15,2014,43,0-4 yr,0,0
Connecticut,EIP,2014-15,2014,44,0-4 yr,0,0
Connecticut,EIP,2014-15,2014,45,0-4 yr,0,0
Connecticut,EIP,2014-15,2014,46,0-4 yr,0,0
Connecticut,EIP,2014-15,2014,47,0-4 yr,0,0
Connecticut,EIP,2014-15,2014,48,0-4 yr,0,0
Connecticut,EIP,2014-15,2014,49,0-4 yr,0,0
Connecticut,EIP,2014-15,2014,50,0-4 yr,1.9,1.9
Connecticut,EIP,2014-15,2014,51,0-4 yr,1.9,0
Connecticut,EIP,2014-15,2014,52,0-4 yr,7.6,5.7
Connecticut,EIP,2014-15,2014,53,0-4 yr,9.5,1.9
Connecticut,EIP,2014-15,2015,1,0-4 yr,11.4,1.9
Connecticut,EIP,2014-15,2015,2,0-4 yr,15.2,3.8
Connecticut,EIP,2014-15,2015,3,0-4 yr,20.8,5.7
Connecticut,EIP,2014-15,2015,4,0-4 yr,22.7,1.9
Connecticut,EIP,2014-15,2015,5,0-4 yr,22.7,0
Connecticut,EIP,2014-15,2015,6,0-4 yr,24.6,1.9
Connecticut,EIP,2014-15,2015,7,0-4 yr,32.2,7.6
Connecticut,EIP,2014-15,2015,8,0-4 yr,34.1,1.9
Connecticut,EIP,2014-15,2015,9,0-4 yr,34.1,0
Connecticut,EIP,2014-15,2015,10,0-4 yr,34.1,0
Connecticut,EIP,2014-15,2015,11,0-4 yr,36,1.9
Connecticut,EIP,2014-15,2015,12,0-4 yr,36,0
Connecticut,EIP,2014-15,2015,13,0-4 yr,37.9,1.9
Connecticut,EIP,2014-15,2015,14,0-4 yr,41.7,3.8
Connecticut,EIP,2014-15,2015,15,0-4 yr,43.6,1.9
Connecticut,EIP,2014-15,2015,16,0-4 yr,43.6,0
Connecticut,EIP,2014-15,2015,17,0-4 yr,43.6,0
Connecticut,EIP,2014-15,2014,40,5-17 yr,0,0
Connecticut,EIP,2014-15,2014,41,5-17 yr,0,0
Connecticut,EIP,2014-15,2014,42,5-17 yr,0,0
Connecticut,EIP,2014-15,2014,43,5-17 yr,0,0
Connecticut,EIP,2014-15,2014,44,5-17 yr,0.6,0.6
Connecticut,EIP,2014-15,2014,45,5-17 yr,0.6,0
Connecticut,EIP,2014-15,2014,46,5-17 yr,0.6,0
Connecticut,EIP,2014-15,2014,47,5-17 yr,0.6,0
Connecticut,EIP,2014-15,2014,48,5-17 yr,0.6,0
Connecticut,EIP,2014-15,2014,49,5-17 yr,1.2,0.6
Connecticut,EIP,2014-15,2014,50,5-17 yr,1.2,0
Connecticut,EIP,2014-15,2014,51,5-17 yr,1.2,0
Connecticut,EIP,2014-15,2014,52,5-17 yr,3.1,1.9
Connecticut,EIP,2014-15,2014,53,5-17 yr,3.7,0.6
Connecticut,EIP,2014-15,2015,1,5-17 yr,3.7,0
Connecticut,EIP,2014-15,2015,2,5-17 yr,3.7,0
Connecticut,EIP,2014-15,2015,3,5-17 yr,5.6,1.9
Connecticut,EIP,2014-15,2015,4,5-17 yr,6.8,1.2
Connecticut,EIP,2014-15,2015,5,5-17 yr,7.5,0.6
Connecticut,EIP,2014-15,2015,6,5-17 yr,8.7,1.2
Connecticut,EIP,2014-15,2015,7,5-17 yr,10,1.2
Connecticut,EIP,2014-15,2015,8,5-17 yr,10.6,0.6
Connecticut,EIP,2014-15,2015,9,5-17 yr,10.6,0
Connecticut,EIP,2014-15,2015,10,5-17 yr,11.2,0.6
Connecticut,EIP,2014-15,2015,11,5-17 yr,11.8,0.6
Connecticut,EIP,2014-15,2015,12,5-17 yr,11.8,0
Connecticut,EIP,2014-15,2015,13,5-17 yr,13.1,1.2
Connecticut,EIP,2014-15,2015,14,5-17 yr,13.1,0
Connecticut,EIP,2014-15,2015,15,5-17 yr,13.1,0
Connecticut,EIP,2014-15,2015,16,5-17 yr,13.1,0
Connecticut,EIP,2014-15,2015,17,5-17 yr,13.1,0
Connecticut,EIP,2014-15,2014,40,18-49 yr,0,0
Connecticut,EIP,2014-15,2014,41,18-49 yr,0.7,0.7
Connecticut,EIP,2014-15,2014,42,18-49 yr,0.7,0
Connecticut,EIP,2014-15,2014,43,18-49 yr,0.7,0
Connecticut,EIP,2014-15,2014,44,18-49 yr,0.7,0
Connecticut,EIP,2014-15,2014,45,18-49 yr,0.7,0
Connecticut,EIP,2014-15,2014,46,18-49 yr,0.9,0.2
Connecticut,EIP,2014-15,2014,47,18-49 yr,1.2,0.2
Connecticut,EIP,2014-15,2014,48,18-49 yr,1.4,0.2
Connecticut,EIP,2014-15,2014,49,18-49 yr,2.1,0.7
Connecticut,EIP,2014-15,2014,50,18-49 yr,2.1,0
Connecticut,EIP,2014-15,2014,51,18-49 yr,2.6,0.5
Connecticut,EIP,2014-15,2014,52,18-49 yr,3.7,1.2
Connecticut,EIP,2014-15,2014,53,18-49 yr,5.1,1.4
Connecticut,EIP,2014-15,2015,1,18-49 yr,7.5,2.3
Connecticut,EIP,2014-15,2015,2,18-49 yr,8.4,0.9
Connecticut,EIP,2014-15,2015,3,18-49 yr,11.2,2.8
Connecticut,EIP,2014-15,2015,4,18-49 yr,13,1.9
Connecticut,EIP,2014-15,2015,5,18-49 yr,15.1,2.1
Connecticut,EIP,2014-15,2015,6,18-49 yr,16.5,1.4
Connecticut,EIP,2014-15,2015,7,18-49 yr,17.7,1.2
Connecticut,EIP,2014-15,2015,8,18-49 yr,18.9,1.2
Connecticut,EIP,2014-15,2015,9,18-49 yr,20.7,1.9
Connecticut,EIP,2014-15,2015,10,18-49 yr,22.4,1.6
Connecticut,EIP,2014-15,2015,11,18-49 yr,23.5,1.2
Connecticut,EIP,2014-15,2015,12,18-49 yr,24.7,1.2
Connecticut,EIP,2014-15,2015,13,18-49 yr,25.4,0.7
Connecticut,EIP,2014-15,2015,14,18-49 yr,25.6,0.2
Connecticut,EIP,2014-15,2015,15,18-49 yr,26.1,0.5
Connecticut,EIP,2014-15,2015,16,18-49 yr,26.8,0.7
Connecticut,EIP,2014-15,2015,17,18-49 yr,27,0.2
Connecticut,EIP,2014-15,2014,40,50-64 yr,0,0
Connecticut,EIP,2014-15,2014,41,50-64 yr,1.4,1.4
Connecticut,EIP,2014-15,2014,42,50-64 yr,1.4,0
Connecticut,EIP,2014-15,2014,43,50-64 yr,1.8,0.5
Connecticut,EIP,2014-15,2014,44,50-64 yr,2.7,0.9
Connecticut,EIP,2014-15,2014,45,50-64 yr,2.7,0
Connecticut,EIP,2014-15,2014,46,50-64 yr,2.7,0
Connecticut,EIP,2014-15,2014,47,50-64 yr,3.6,0.9
Connecticut,EIP,2014-15,2014,48,50-64 yr,3.6,0
Connecticut,EIP,2014-15,2014,49,50-64 yr,3.6,0
Connecticut,EIP,2014-15,2014,50,50-64 yr,6.8,3.2
Connecticut,EIP,2014-15,2014,51,50-64 yr,9.1,2.3
Connecticut,EIP,2014-15,2014,52,50-64 yr,14.5,5.5
Connecticut,EIP,2014-15,2014,53,50-64 yr,16.8,2.3
Connecticut,EIP,2014-15,2015,1,50-64 yr,22.3,5.5
Connecticut,EIP,2014-15,2015,2,50-64 yr,25.5,3.2
Connecticut,EIP,2014-15,2015,3,50-64 yr,29.1,3.6
Connecticut,EIP,2014-15,2015,4,50-64 yr,33.2,4.1
Connecticut,EIP,2014-15,2015,5,50-64 yr,37.7,4.5
Connecticut,EIP,2014-15,2015,6,50-64 yr,42.3,4.5
Connecticut,EIP,2014-15,2015,7,50-64 yr,48.2,5.9
Connecticut,EIP,2014-15,2015,8,50-64 yr,51.4,3.2
Connecticut,EIP,2014-15,2015,9,50-64 yr,56.4,5
Connecticut,EIP,2014-15,2015,10,50-64 yr,60,3.6
Connecticut,EIP,2014-15,2015,11,50-64 yr,62.7,2.7
Connecticut,EIP,2014-15,2015,12,50-64 yr,66.8,4.1
Connecticut,EIP,2014-15,2015,13,50-64 yr,70.9,4.1
Connecticut,EIP,2014-15,2015,14,50-64 yr,73.2,2.3
Connecticut,EIP,2014-15,2015,15,50-64 yr,77.3,4.1
Connecticut,EIP,2014-15,2015,16,50-64 yr,77.8,0.5
Connecticut,EIP,2014-15,2015,17,50-64 yr,78.7,0.9
Connecticut,EIP,2014-15,2014,40,65+ yr,3.6,3.6
Connecticut,EIP,2014-15,2014,41,65+ yr,5.4,1.8
Connecticut,EIP,2014-15,2014,42,65+ yr,6.6,1.2
Connecticut,EIP,2014-15,2014,43,65+ yr,7.8,1.2
Connecticut,EIP,2014-15,2014,44,65+ yr,7.8,0
Connecticut,EIP,2014-15,2014,45,65+ yr,9,1.2
Connecticut,EIP,2014-15,2014,46,65+ yr,9.6,0.6
Connecticut,EIP,2014-15,2014,47,65+ yr,11.4,1.8
Connecticut,EIP,2014-15,2014,48,65+ yr,12,0.6
Connecticut,EIP,2014-15,2014,49,65+ yr,15.7,3.6
Connecticut,EIP,2014-15,2014,50,65+ yr,20.5,4.8
Connecticut,EIP,2014-15,2014,51,65+ yr,26.5,6
Connecticut,EIP,2014-15,2014,52,65+ yr,44.6,18.1
Connecticut,EIP,2014-15,2014,53,65+ yr,59.6,15.1
Connecticut,EIP,2014-15,2015,1,65+ yr,90.4,30.7
Connecticut,EIP,2014-15,2015,2,65+ yr,115,24.7
Connecticut,EIP,2014-15,2015,3,65+ yr,143.4,28.3
Connecticut,EIP,2014-15,2015,4,65+ yr,175.3,31.9
Connecticut,EIP,2014-15,2015,5,65+ yr,197,21.7
Connecticut,EIP,2014-15,2015,6,65+ yr,225.3,28.3
Connecticut,EIP,2014-15,2015,7,65+ yr,255.4,30.1
Connecticut,EIP,2014-15,2015,8,65+ yr,283.7,28.3
Connecticut,EIP,2014-15,2015,9,65+ yr,312,28.3
Connecticut,EIP,2014-15,2015,10,65+ yr,328.3,16.3
Connecticut,EIP,2014-15,2015,11,65+ yr,346.4,18.1
Connecticut,EIP,2014-15,2015,12,65+ yr,375.3,28.9
Connecticut,EIP,2014-15,2015,13,65+ yr,391.5,16.3
Connecticut,EIP,2014-15,2015,14,65+ yr,409,17.5
Connecticut,EIP,2014-15,2015,15,65+ yr,422.2,13.3
Connecticut,EIP,2014-15,2015,16,65+ yr,425.9,3.6
Connecticut,EIP,2014-15,2015,17,65+ yr,428.3,2.4
Connecticut,EIP,2014-15,2014,40,Overall,0.6,0.6
Connecticut,EIP,2014-15,2014,41,Overall,1.5,0.9
Connecticut,EIP,2014-15,2014,42,Overall,1.7,0.2
Connecticut,EIP,2014-15,2014,43,Overall,1.9,0.3
Connecticut,EIP,2014-15,2014,44,Overall,2.2,0.3
Connecticut,EIP,2014-15,2014,45,Overall,2.4,0.2
Connecticut,EIP,2014-15,2014,46,Overall,2.6,0.2
Connecticut,EIP,2014-15,2014,47,Overall,3.2,0.6
Connecticut,EIP,2014-15,2014,48,Overall,3.4,0.2
Connecticut,EIP,2014-15,2014,49,Overall,4.4,1
Connecticut,EIP,2014-15,2014,50,Overall,5.9,1.6
Connecticut,EIP,2014-15,2014,51,Overall,7.6,1.7
Connecticut,EIP,2014-15,2014,52,Overall,12.7,5.2
Connecticut,EIP,2014-15,2014,53,Overall,16.4,3.7
Connecticut,EIP,2014-15,2015,1,Overall,23.6,7.2
Connecticut,EIP,2014-15,2015,2,Overall,28.9,5.2
Connecticut,EIP,2014-15,2015,3,Overall,36,7.1
Connecticut,EIP,2014-15,2015,4,Overall,43.1,7.1
Connecticut,EIP,2014-15,2015,5,Overall,48.5,5.4
Connecticut,EIP,2014-15,2015,6,Overall,54.9,6.4
Connecticut,EIP,2014-15,2015,7,Overall,62.1,7.2
Connecticut,EIP,2014-15,2015,8,Overall,68,5.9
Connecticut,EIP,2014-15,2015,9,Overall,74.5,6.4
Connecticut,EIP,2014-15,2015,10,Overall,78.6,4.2
Connecticut,EIP,2014-15,2015,11,Overall,82.8,4.2
Connecticut,EIP,2014-15,2015,12,Overall,88.8,6
Connecticut,EIP,2014-15,2015,13,Overall,92.9,4.1
Connecticut,EIP,2014-15,2015,14,Overall,96.5,3.6
Connecticut,EIP,2014-15,2015,15,Overall,99.8,3.3
Connecticut,EIP,2014-15,2015,16,Overall,100.8,1
Connecticut,EIP,2014-15,2015,17,Overall,101.5,0.7
Connecticut,EIP,2015-16,2015,40,0-4 yr,0,0
Connecticut,EIP,2015-16,2015,41,0-4 yr,0,0
Connecticut,EIP,2015-16,2015,42,0-4 yr,0,0
Connecticut,EIP,2015-16,2015,43,0-4 yr,0,0
Connecticut,EIP,2015-16,2015,44,0-4 yr,0,0
Connecticut,EIP,2015-16,2015,45,0-4 yr,0,0
Connecticut,EIP,2015-16,2015,46,0-4 yr,0,0
Connecticut,EIP,2015-16,2015,47,0-4 yr,0,0
Connecticut,EIP,2015-16,2015,48,0-4 yr,0,0
Connecticut,EIP,2015-16,2015,49,0-4 yr,0,0
Connecticut,EIP,2015-16,2015,50,0-4 yr,0,0
Connecticut,EIP,2015-16,2015,51,0-4 yr,1.9,1.9
Connecticut,EIP,2015-16,2015,52,0-4 yr,1.9,0
Connecticut,EIP,2015-16,2016,1,0-4 yr,1.9,0
Connecticut,EIP,2015-16,2016,2,0-4 yr,1.9,0
Connecticut,EIP,2015-16,2016,3,0-4 yr,1.9,0
Connecticut,EIP,2015-16,2016,4,0-4 yr,1.9,0
Connecticut,EIP,2015-16,2016,5,0-4 yr,1.9,0
Connecticut,EIP,2015-16,2016,6,0-4 yr,1.9,0
Connecticut,EIP,2015-16,2016,7,0-4 yr,3.8,1.9
Connecticut,EIP,2015-16,2016,8,0-4 yr,11.5,7.6
Connecticut,EIP,2015-16,2016,9,0-4 yr,13.4,1.9
Connecticut,EIP,2015-16,2016,10,0-4 yr,15.3,1.9
Connecticut,EIP,2015-16,2016,11,0-4 yr,17.2,1.9
Connecticut,EIP,2015-16,2016,12,0-4 yr,22.9,5.7
Connecticut,EIP,2015-16,2016,13,0-4 yr,26.8,3.8
Connecticut,EIP,2015-16,2016,14,0-4 yr,32.5,5.7
Connecticut,EIP,2015-16,2016,15,0-4 yr,34.4,1.9
Connecticut,EIP,2015-16,2016,16,0-4 yr,36.3,1.9
Connecticut,EIP,2015-16,2016,17,0-4 yr,36.3,0
Connecticut,EIP,2015-16,2015,40,5-17 yr,0,0
Connecticut,EIP,2015-16,2015,41,5-17 yr,0,0
Connecticut,EIP,2015-16,2015,42,5-17 yr,0,0
Connecticut,EIP,2015-16,2015,43,5-17 yr,0,0
Connecticut,EIP,2015-16,2015,44,5-17 yr,0,0
Connecticut,EIP,2015-16,2015,45,5-17 yr,0,0
Connecticut,EIP,2015-16,2015,46,5-17 yr,0,0
Connecticut,EIP,2015-16,2015,47,5-17 yr,0,0
Connecticut,EIP,2015-16,2015,48,5-17 yr,0,0
Connecticut,EIP,2015-16,2015,49,5-17 yr,0,0
Connecticut,EIP,2015-16,2015,50,5-17 yr,0,0
Connecticut,EIP,2015-16,2015,51,5-17 yr,0,0
Connecticut,EIP,2015-16,2015,52,5-17 yr,0,0
Connecticut,EIP,2015-16,2016,1,5-17 yr,0.6,0.6
Connecticut,EIP,2015-16,2016,2,5-17 yr,0.6,0
Connecticut,EIP,2015-16,2016,3,5-17 yr,1.3,0.6
Connecticut,EIP,2015-16,2016,4,5-17 yr,1.3,0
Connecticut,EIP,2015-16,2016,5,5-17 yr,1.9,0.6
Connecticut,EIP,2015-16,2016,6,5-17 yr,1.9,0
Connecticut,EIP,2015-16,2016,7,5-17 yr,1.9,0
Connecticut,EIP,2015-16,2016,8,5-17 yr,3.2,1.3
Connecticut,EIP,2015-16,2016,9,5-17 yr,4.4,1.3
Connecticut,EIP,2015-16,2016,10,5-17 yr,7,2.5
Connecticut,EIP,2015-16,2016,11,5-17 yr,8.2,1.3
Connecticut,EIP,2015-16,2016,12,5-17 yr,10.8,2.5
Connecticut,EIP,2015-16,2016,13,5-17 yr,12.7,1.9
Connecticut,EIP,2015-16,2016,14,5-17 yr,13.3,0.6
Connecticut,EIP,2015-16,2016,15,5-17 yr,13.3,0
Connecticut,EIP,2015-16,2016,16,5-17 yr,13.3,0
Connecticut,EIP,2015-16,2016,17,5-17 yr,14.6,1.3
Connecticut,EIP,2015-16,2015,40,18-49 yr,0.2,0.2
Connecticut,EIP,2015-16,2015,41,18-49 yr,0.2,0
Connecticut,EIP,2015-16,2015,42,18-49 yr,0.2,0
Connecticut,EIP,2015-16,2015,43,18-49 yr,0.2,0
Connecticut,EIP,2015-16,2015,44,18-49 yr,0.2,0
Connecticut,EIP,2015-16,2015,45,18-49 yr,0.2,0
Connecticut,EIP,2015-16,2015,46,18-49 yr,0.2,0
Connecticut,EIP,2015-16,2015,47,18-49 yr,0.2,0
Connecticut,EIP,2015-16,2015,48,18-49 yr,0.5,0.2
Connecticut,EIP,2015-16,2015,49,18-49 yr,0.5,0
Connecticut,EIP,2015-16,2015,50,18-49 yr,0.5,0
Connecticut,EIP,2015-16,2015,51,18-49 yr,1.2,0.7
Connecticut,EIP,2015-16,2015,52,18-49 yr,1.6,0.5
Connecticut,EIP,2015-16,2016,1,18-49 yr,1.9,0.2
Connecticut,EIP,2015-16,2016,2,18-49 yr,2.1,0.2
Connecticut,EIP,2015-16,2016,3,18-49 yr,3.1,0.9
Connecticut,EIP,2015-16,2016,4,18-49 yr,4.7,1.6
Connecticut,EIP,2015-16,2016,5,18-49 yr,5.9,1.2
Connecticut,EIP,2015-16,2016,6,18-49 yr,7.5,1.6
Connecticut,EIP,2015-16,2016,7,18-49 yr,9.7,2.1
Connecticut,EIP,2015-16,2016,8,18-49 yr,13.2,3.5
Connecticut,EIP,2015-16,2016,9,18-49 yr,16.7,3.5
Connecticut,EIP,2015-16,2016,10,18-49 yr,22.4,5.6
Connecticut,EIP,2015-16,2016,11,18-49 yr,26.1,3.8
Connecticut,EIP,2015-16,2016,12,18-49 yr,29.4,3.3
Connecticut,EIP,2015-16,2016,13,18-49 yr,32,2.6
Connecticut,EIP,2015-16,2016,14,18-49 yr,34.1,2.1
Connecticut,EIP,2015-16,2016,15,18-49 yr,35.1,0.9
Connecticut,EIP,2015-16,2016,16,18-49 yr,35.8,0.7
Connecticut,EIP,2015-16,2016,17,18-49 yr,36,0.2
Connecticut,EIP,2015-16,2015,40,50-64 yr,0,0
Connecticut,EIP,2015-16,2015,41,50-64 yr,0,0
Connecticut,EIP,2015-16,2015,42,50-64 yr,0,0
Connecticut,EIP,2015-16,2015,43,50-64 yr,0,0
Connecticut,EIP,2015-16,2015,44,50-64 yr,0,0
Connecticut,EIP,2015-16,2015,45,50-64 yr,0,0
Connecticut,EIP,2015-16,2015,46,50-64 yr,0,0
Connecticut,EIP,2015-16,2015,47,50-64 yr,0.5,0.5
Connecticut,EIP,2015-16,2015,48,50-64 yr,0.5,0
Connecticut,EIP,2015-16,2015,49,50-64 yr,0.9,0.5
Connecticut,EIP,2015-16,2015,50,50-64 yr,0.9,0
Connecticut,EIP,2015-16,2015,51,50-64 yr,1.8,0.9
Connecticut,EIP,2015-16,2015,52,50-64 yr,2.7,0.9
Connecticut,EIP,2015-16,2016,1,50-64 yr,2.7,0
Connecticut,EIP,2015-16,2016,2,50-64 yr,3.2,0.5
Connecticut,EIP,2015-16,2016,3,50-64 yr,3.6,0.5
Connecticut,EIP,2015-16,2016,4,50-64 yr,5.4,1.8
Connecticut,EIP,2015-16,2016,5,50-64 yr,7.2,1.8
Connecticut,EIP,2015-16,2016,6,50-64 yr,10.9,3.6
Connecticut,EIP,2015-16,2016,7,50-64 yr,12.7,1.8
Connecticut,EIP,2015-16,2016,8,50-64 yr,20.4,7.7
Connecticut,EIP,2015-16,2016,9,50-64 yr,30.8,10.4
Connecticut,EIP,2015-16,2016,10,50-64 yr,48.4,17.6
Connecticut,EIP,2015-16,2016,11,50-64 yr,57.4,9
Connecticut,EIP,2015-16,2016,12,50-64 yr,69.2,11.8
Connecticut,EIP,2015-16,2016,13,50-64 yr,74.6,5.4
Connecticut,EIP,2015-16,2016,14,50-64 yr,80.1,5.4
Connecticut,EIP,2015-16,2016,15,50-64 yr,86.9,6.8
Connecticut,EIP,2015-16,2016,16,50-64 yr,90.9,4.1
Connecticut,EIP,2015-16,2016,17,50-64 yr,91.4,0.5
Connecticut,EIP,2015-16,2015,40,65+ yr,0.6,0.6
Connecticut,EIP,2015-16,2015,41,65+ yr,1.2,0.6
Connecticut,EIP,2015-16,2015,42,65+ yr,1.2,0
Connecticut,EIP,2015-16,2015,43,65+ yr,1.2,0
Connecticut,EIP,2015-16,2015,44,65+ yr,1.8,0.6
Connecticut,EIP,2015-16,2015,45,65+ yr,1.8,0
Connecticut,EIP,2015-16,2015,46,65+ yr,2.4,0.6
Connecticut,EIP,2015-16,2015,47,65+ yr,2.4,0
Connecticut,EIP,2015-16,2015,48,65+ yr,2.9,0.6
Connecticut,EIP,2015-16,2015,49,65+ yr,3.5,0.6
Connecticut,EIP,2015-16,2015,50,65+ yr,3.5,0
Connecticut,EIP,2015-16,2015,51,65+ yr,6.5,2.9
Connecticut,EIP,2015-16,2015,52,65+ yr,6.5,0
Connecticut,EIP,2015-16,2016,1,65+ yr,8.3,1.8
Connecticut,EIP,2015-16,2016,2,65+ yr,10.6,2.4
Connecticut,EIP,2015-16,2016,3,65+ yr,14.2,3.5
Connecticut,EIP,2015-16,2016,4,65+ yr,17.1,2.9
Connecticut,EIP,2015-16,2016,5,65+ yr,23,5.9
Connecticut,EIP,2015-16,2016,6,65+ yr,26,2.9
Connecticut,EIP,2015-16,2016,7,65+ yr,34.2,8.3
Connecticut,EIP,2015-16,2016,8,65+ yr,46.6,12.4
Connecticut,EIP,2015-16,2016,9,65+ yr,61.9,15.3
Connecticut,EIP,2015-16,2016,10,65+ yr,86.1,24.2
Connecticut,EIP,2015-16,2016,11,65+ yr,109.7,23.6
Connecticut,EIP,2015-16,2016,12,65+ yr,125,15.3
Connecticut,EIP,2015-16,2016,13,65+ yr,144.5,19.5
Connecticut,EIP,2015-16,2016,14,65+ yr,155.1,10.6
Connecticut,EIP,2015-16,2016,15,65+ yr,166.9,11.8
Connecticut,EIP,2015-16,2016,16,65+ yr,174,7.1
Connecticut,EIP,2015-16,2016,17,65+ yr,178.7,4.7
Connecticut,EIP,2015-16,2015,40,Overall,0.2,0.2
Connecticut,EIP,2015-16,2015,41,Overall,0.3,0.1
Connecticut,EIP,2015-16,2015,42,Overall,0.3,0
Connecticut,EIP,2015-16,2015,43,Overall,0.3,0
Connecticut,EIP,2015-16,2015,44,Overall,0.4,0.1
Connecticut,EIP,2015-16,2015,45,Overall,0.4,0
Connecticut,EIP,2015-16,2015,46,Overall,0.5,0.1
Connecticut,EIP,2015-16,2015,47,Overall,0.6,0.1
Connecticut,EIP,2015-16,2015,48,Overall,0.8,0.2
Connecticut,EIP,2015-16,2015,49,Overall,1,0.2
Connecticut,EIP,2015-16,2015,50,Overall,1,0
Connecticut,EIP,2015-16,2015,51,Overall,2,1.1
Connecticut,EIP,2015-16,2015,52,Overall,2.4,0.4
Connecticut,EIP,2015-16,2016,1,Overall,2.9,0.5
Connecticut,EIP,2015-16,2016,2,Overall,3.5,0.6
Connecticut,EIP,2015-16,2016,3,Overall,4.7,1.2
Connecticut,EIP,2015-16,2016,4,Overall,6.2,1.6
Connecticut,EIP,2015-16,2016,5,Overall,8.2,2
Connecticut,EIP,2015-16,2016,6,Overall,10.1,2
Connecticut,EIP,2015-16,2016,7,Overall,12.9,2.7
Connecticut,EIP,2015-16,2016,8,Overall,18.6,5.8
Connecticut,EIP,2015-16,2016,9,Overall,25.2,6.5
Connecticut,EIP,2015-16,2016,10,Overall,35.8,10.6
Connecticut,EIP,2015-16,2016,11,Overall,43.5,7.7
Connecticut,EIP,2015-16,2016,12,Overall,50.6,7.1
Connecticut,EIP,2015-16,2016,13,Overall,56.6,5.9
Connecticut,EIP,2015-16,2016,14,Overall,60.8,4.2
Connecticut,EIP,2015-16,2016,15,Overall,64.7,3.9
Connecticut,EIP,2015-16,2016,16,Overall,67.1,2.4
Connecticut,EIP,2015-16,2016,17,Overall,68.3,1.2
Connecticut,EIP,2016-17,2016,40,0-4 yr,0,0
Connecticut,EIP,2016-17,2016,41,0-4 yr,0,0
Connecticut,EIP,2016-17,2016,42,0-4 yr,0,0
Connecticut,EIP,2016-17,2016,43,0-4 yr,0,0
Connecticut,EIP,2016-17,2016,44,0-4 yr,0,0
Connecticut,EIP,2016-17,2016,45,0-4 yr,0,0
Connecticut,EIP,2016-17,2016,46,0-4 yr,0,0
Connecticut,EIP,2016-17,2016,47,0-4 yr,0,0
Connecticut,EIP,2016-17,2016,48,0-4 yr,1.9,1.9
Connecticut,EIP,2016-17,2016,49,0-4 yr,1.9,0
Connecticut,EIP,2016-17,2016,50,0-4 yr,1.9,0
Connecticut,EIP,2016-17,2016,51,0-4 yr,1.9,0
Connecticut,EIP,2016-17,2016,52,0-4 yr,3.9,1.9
Connecticut,EIP,2016-17,2017,1,0-4 yr,3.9,0
Connecticut,EIP,2016-17,2017,2,0-4 yr,3.9,0
Connecticut,EIP,2016-17,2017,3,0-4 yr,7.8,3.9
Connecticut,EIP,2016-17,2017,4,0-4 yr,9.7,1.9
Connecticut,EIP,2016-17,2017,5,0-4 yr,21.3,11.6
Connecticut,EIP,2016-17,2017,6,0-4 yr,33,11.6
Connecticut,EIP,2016-17,2017,7,0-4 yr,40.7,7.8
Connecticut,EIP,2016-17,2017,8,0-4 yr,42.7,1.9
Connecticut,EIP,2016-17,2017,9,0-4 yr,42.7,0
Connecticut,EIP,2016-17,2017,10,0-4 yr,44.6,1.9
Connecticut,EIP,2016-17,2017,11,0-4 yr,44.6,0
Connecticut,EIP,2016-17,2017,12,0-4 yr,44.6,0
Connecticut,EIP,2016-17,2017,13,0-4 yr,44.6,0
Connecticut,EIP,2016-17,2017,14,0-4 yr,48.5,3.9
Connecticut,EIP,2016-17,2017,15,0-4 yr,48.5,0
Connecticut,EIP,2016-17,2017,16,0-4 yr,48.5,0
Connecticut,EIP,2016-17,2017,17,0-4 yr,48.5,0
Connecticut,EIP,2016-17,2016,40,5-17 yr,0,0
Connecticut,EIP,2016-17,2016,41,5-17 yr,0,0
Connecticut,EIP,2016-17,2016,42,5-17 yr,0,0
Connecticut,EIP,2016-17,2016,43,5-17 yr,0,0
Connecticut,EIP,2016-17,2016,44,5-17 yr,0,0
Connecticut,EIP,2016-17,2016,45,5-17 yr,0,0
Connecticut,EIP,2016-17,2016,46,5-17 yr,0,0
Connecticut,EIP,2016-17,2016,47,5-17 yr,0,0
Connecticut,EIP,2016-17,2016,48,5-17 yr,0,0
Connecticut,EIP,2016-17,2016,49,5-17 yr,0,0
Connecticut,EIP,2016-17,2016,50,5-17 yr,0,0
Connecticut,EIP,2016-17,2016,51,5-17 yr,0,0
Connecticut,EIP,2016-17,2016,52,5-17 yr,0,0
Connecticut,EIP,2016-17,2017,1,5-17 yr,1.3,1.3
Connecticut,EIP,2016-17,2017,2,5-17 yr,1.9,0.6
Connecticut,EIP,2016-17,2017,3,5-17 yr,3.2,1.3
Connecticut,EIP,2016-17,2017,4,5-17 yr,4.5,1.3
Connecticut,EIP,2016-17,2017,5,5-17 yr,5.2,0.6
Connecticut,EIP,2016-17,2017,6,5-17 yr,6.4,1.3
Connecticut,EIP,2016-17,2017,7,5-17 yr,7.7,1.3
Connecticut,EIP,2016-17,2017,8,5-17 yr,8.4,0.6
Connecticut,EIP,2016-17,2017,9,5-17 yr,8.4,0
Connecticut,EIP,2016-17,2017,10,5-17 yr,8.4,0
Connecticut,EIP,2016-17,2017,11,5-17 yr,9.7,1.3
Connecticut,EIP,2016-17,2017,12,5-17 yr,9.7,0
Connecticut,EIP,2016-17,2017,13,5-17 yr,9.7,0
Connecticut,EIP,2016-17,2017,14,5-17 yr,10.9,1.3
Connecticut,EIP,2016-17,2017,15,5-17 yr,10.9,0
Connecticut,EIP,2016-17,2017,16,5-17 yr,10.9,0
Connecticut,EIP,2016-17,2017,17,5-17 yr,10.9,0
Connecticut,EIP,2016-17,2016,40,18-49 yr,0,0
Connecticut,EIP,2016-17,2016,41,18-49 yr,0,0
Connecticut,EIP,2016-17,2016,42,18-49 yr,0.2,0.2
Connecticut,EIP,2016-17,2016,43,18-49 yr,0.2,0
Connecticut,EIP,2016-17,2016,44,18-49 yr,0.2,0
Connecticut,EIP,2016-17,2016,45,18-49 yr,0.2,0
Connecticut,EIP,2016-17,2016,46,18-49 yr,0.2,0
Connecticut,EIP,2016-17,2016,47,18-49 yr,0.5,0.2
Connecticut,EIP,2016-17,2016,48,18-49 yr,0.5,0
Connecticut,EIP,2016-17,2016,49,18-49 yr,0.5,0
Connecticut,EIP,2016-17,2016,50,18-49 yr,0.7,0.2
Connecticut,EIP,2016-17,2016,51,18-49 yr,1.2,0.5
Connecticut,EIP,2016-17,2016,52,18-49 yr,1.2,0
Connecticut,EIP,2016-17,2017,1,18-49 yr,1.7,0.5
Connecticut,EIP,2016-17,2017,2,18-49 yr,2.1,0.5
Connecticut,EIP,2016-17,2017,3,18-49 yr,4.3,2.1
Connecticut,EIP,2016-17,2017,4,18-49 yr,5.7,1.4
Connecticut,EIP,2016-17,2017,5,18-49 yr,10.2,4.5
Connecticut,EIP,2016-17,2017,6,18-49 yr,13.3,3.1
Connecticut,EIP,2016-17,2017,7,18-49 yr,15.9,2.6
Connecticut,EIP,2016-17,2017,8,18-49 yr,18.3,2.4
Connecticut,EIP,2016-17,2017,9,18-49 yr,19.7,1.4
Connecticut,EIP,2016-17,2017,10,18-49 yr,20.6,0.9
Connecticut,EIP,2016-17,2017,11,18-49 yr,22,1.4
Connecticut,EIP,2016-17,2017,12,18-49 yr,23.7,1.7
Connecticut,EIP,2016-17,2017,13,18-49 yr,24.4,0.7
Connecticut,EIP,2016-17,2017,14,18-49 yr,26.1,1.7
Connecticut,EIP,2016-17,2017,15,18-49 yr,26.8,0.7
Connecticut,EIP,2016-17,2017,16,18-49 yr,27.3,0.5
Connecticut,EIP,2016-17,2017,17,18-49 yr,28.2,0.9
Connecticut,EIP,2016-17,2016,40,50-64 yr,0.9,0.9
Connecticut,EIP,2016-17,2016,41,50-64 yr,0.9,0
Connecticut,EIP,2016-17,2016,42,50-64 yr,0.9,0
Connecticut,EIP,2016-17,2016,43,50-64 yr,1.4,0.5
Connecticut,EIP,2016-17,2016,44,50-64 yr,1.4,0
Connecticut,EIP,2016-17,2016,45,50-64 yr,2.3,0.9
Connecticut,EIP,2016-17,2016,46,50-64 yr,2.7,0.5
Connecticut,EIP,2016-17,2016,47,50-64 yr,2.7,0
Connecticut,EIP,2016-17,2016,48,50-64 yr,2.7,0
Connecticut,EIP,2016-17,2016,49,50-64 yr,4.1,1.4
Connecticut,EIP,2016-17,2016,50,50-64 yr,4.5,0.5
Connecticut,EIP,2016-17,2016,51,50-64 yr,6.3,1.8
Connecticut,EIP,2016-17,2016,52,50-64 yr,9,2.7
Connecticut,EIP,2016-17,2017,1,50-64 yr,12.2,3.2
Connecticut,EIP,2016-17,2017,2,50-64 yr,18.1,5.9
Connecticut,EIP,2016-17,2017,3,50-64 yr,26.6,8.6
Connecticut,EIP,2016-17,2017,4,50-64 yr,36.6,9.9
Connecticut,EIP,2016-17,2017,5,50-64 yr,42,5.4
Connecticut,EIP,2016-17,2017,6,50-64 yr,50.1,8.1
Connecticut,EIP,2016-17,2017,7,50-64 yr,60.5,10.4
Connecticut,EIP,2016-17,2017,8,50-64 yr,72.7,12.2
Connecticut,EIP,2016-17,2017,9,50-64 yr,75.9,3.2
Connecticut,EIP,2016-17,2017,10,50-64 yr,79.5,3.6
Connecticut,EIP,2016-17,2017,11,50-64 yr,85.8,6.3
Connecticut,EIP,2016-17,2017,12,50-64 yr,89.4,3.6
Connecticut,EIP,2016-17,2017,13,50-64 yr,92.1,2.7
Connecticut,EIP,2016-17,2017,14,50-64 yr,97.1,5
Connecticut,EIP,2016-17,2017,15,50-64 yr,101.6,4.5
Connecticut,EIP,2016-17,2017,16,50-64 yr,105.7,4.1
Connecticut,EIP,2016-17,2017,17,50-64 yr,107,1.4
Connecticut,EIP,2016-17,2016,40,65+ yr,0.6,0.6
Connecticut,EIP,2016-17,2016,41,65+ yr,1.2,0.6
Connecticut,EIP,2016-17,2016,42,65+ yr,1.2,0
Connecticut,EIP,2016-17,2016,43,65+ yr,1.2,0
Connecticut,EIP,2016-17,2016,44,65+ yr,3.5,2.3
Connecticut,EIP,2016-17,2016,45,65+ yr,4.6,1.2
Connecticut,EIP,2016-17,2016,46,65+ yr,6.9,2.3
Connecticut,EIP,2016-17,2016,47,65+ yr,8.1,1.2
Connecticut,EIP,2016-17,2016,48,65+ yr,10.4,2.3
Connecticut,EIP,2016-17,2016,49,65+ yr,12.1,1.7
Connecticut,EIP,2016-17,2016,50,65+ yr,15,2.9
Connecticut,EIP,2016-17,2016,51,65+ yr,19.6,4.6
Connecticut,EIP,2016-17,2016,52,65+ yr,30.6,11
Connecticut,EIP,2016-17,2017,1,65+ yr,43.9,13.3
Connecticut,EIP,2016-17,2017,2,65+ yr,61.2,17.3
Connecticut,EIP,2016-17,2017,3,65+ yr,90,28.9
Connecticut,EIP,2016-17,2017,4,65+ yr,116.6,26.6
Connecticut,EIP,2016-17,2017,5,65+ yr,147.2,30.6
Connecticut,EIP,2016-17,2017,6,65+ yr,181.8,34.6
Connecticut,EIP,2016-17,2017,7,65+ yr,221.1,39.2
Connecticut,EIP,2016-17,2017,8,65+ yr,260.9,39.8
Connecticut,EIP,2016-17,2017,9,65+ yr,285.1,24.2
Connecticut,EIP,2016-17,2017,10,65+ yr,303,17.9
Connecticut,EIP,2016-17,2017,11,65+ yr,315.1,12.1
Connecticut,EIP,2016-17,2017,12,65+ yr,328.4,13.3
Connecticut,EIP,2016-17,2017,13,65+ yr,338.2,9.8
Connecticut,EIP,2016-17,2017,14,65+ yr,358.4,20.2
Connecticut,EIP,2016-17,2017,15,65+ yr,370.6,12.1
Connecticut,EIP,2016-17,2017,16,65+ yr,383.3,12.7
Connecticut,EIP,2016-17,2017,17,65+ yr,387.9,4.6
Connecticut,EIP,2016-17,2016,40,Overall,0.3,0.3
Connecticut,EIP,2016-17,2016,41,Overall,0.4,0.1
Connecticut,EIP,2016-17,2016,42,Overall,0.5,0.1
Connecticut,EIP,2016-17,2016,43,Overall,0.6,0.1
Connecticut,EIP,2016-17,2016,44,Overall,1,0.4
Connecticut,EIP,2016-17,2016,45,Overall,1.4,0.4
Connecticut,EIP,2016-17,2016,46,Overall,1.9,0.5
Connecticut,EIP,2016-17,2016,47,Overall,2.1,0.3
Connecticut,EIP,2016-17,2016,48,Overall,2.6,0.5
Connecticut,EIP,2016-17,2016,49,Overall,3.2,0.6
Connecticut,EIP,2016-17,2016,50,Overall,3.9,0.7
Connecticut,EIP,2016-17,2016,51,Overall,5.3,1.4
Connecticut,EIP,2016-17,2016,52,Overall,7.8,2.5
Connecticut,EIP,2016-17,2017,1,Overall,11.1,3.3
Connecticut,EIP,2016-17,2017,2,Overall,15.6,4.5
Connecticut,EIP,2016-17,2017,3,Overall,23.6,8
Connecticut,EIP,2016-17,2017,4,Overall,31.2,7.5
Connecticut,EIP,2016-17,2017,5,Overall,40.1,8.9
Connecticut,EIP,2016-17,2017,6,Overall,49.7,9.7
Connecticut,EIP,2016-17,2017,7,Overall,60.3,10.6
Connecticut,EIP,2016-17,2017,8,Overall,70.8,10.6
Connecticut,EIP,2016-17,2017,9,Overall,76.2,5.4
Connecticut,EIP,2016-17,2017,10,Overall,80.5,4.3
Connecticut,EIP,2016-17,2017,11,Overall,84.7,4.2
Connecticut,EIP,2016-17,2017,12,Overall,88.4,3.7
Connecticut,EIP,2016-17,2017,13,Overall,91,2.5
Connecticut,EIP,2016-17,2017,14,Overall,96.5,5.6
Connecticut,EIP,2016-17,2017,15,Overall,99.9,3.3
Connecticut,EIP,2016-17,2017,16,Overall,103.1,3.2
Connecticut,EIP,2016-17,2017,17,Overall,104.6,1.5
Connecticut,EIP,2017-18,2017,40,0-4 yr,0,0
Connecticut,EIP,2017-18,2017,41,0-4 yr,0,0
Connecticut,EIP,2017-18,2017,42,0-4 yr,0,0
Connecticut,EIP,2017-18,2017,43,0-4 yr,0,0
Connecticut,EIP,2017-18,2017,44,0-4 yr,0,0
Connecticut,EIP,2017-18,2017,45,0-4 yr,0,0
Connecticut,EIP,2017-18,2017,46,0-4 yr,0,0
Connecticut,EIP,2017-18,2017,47,0-4 yr,0,0
Connecticut,EIP,2017-18,2017,48,0-4 yr,0,0
Connecticut,EIP,2017-18,2017,49,0-4 yr,0,0
Connecticut,EIP,2017-18,2017,50,0-4 yr,0,0
Connecticut,EIP,2017-18,2017,51,0-4 yr,1.9,1.9
Connecticut,EIP,2017-18,2017,52,0-4 yr,1.9,0
Connecticut,EIP,2017-18,2018,1,0-4 yr,3.9,1.9
Connecticut,EIP,2017-18,2018,2,0-4 yr,9.7,5.8
Connecticut,EIP,2017-18,2018,3,0-4 yr,9.7,0
Connecticut,EIP,2017-18,2018,4,0-4 yr,11.7,1.9
Connecticut,EIP,2017-18,2018,5,0-4 yr,19.4,7.8
Connecticut,EIP,2017-18,2018,6,0-4 yr,21.4,1.9
Connecticut,EIP,2017-18,2018,7,0-4 yr,21.4,0
Connecticut,EIP,2017-18,2018,8,0-4 yr,25.3,3.9
Connecticut,EIP,2017-18,2018,9,0-4 yr,29.2,3.9
Connecticut,EIP,2017-18,2018,10,0-4 yr,29.2,0
Connecticut,EIP,2017-18,2018,11,0-4 yr,31.1,1.9
Connecticut,EIP,2017-18,2018,12,0-4 yr,35,3.9
Connecticut,EIP,2017-18,2018,13,0-4 yr,36.9,1.9
Connecticut,EIP,2017-18,2018,14,0-4 yr,38.9,1.9
Connecticut,EIP,2017-18,2018,15,0-4 yr,40.8,1.9
Connecticut,EIP,2017-18,2018,16,0-4 yr,40.8,0
Connecticut,EIP,2017-18,2018,17,0-4 yr,42.8,1.9
Connecticut,EIP,2017-18,2017,40,5-17 yr,0,0
Connecticut,EIP,2017-18,2017,41,5-17 yr,0,0
Connecticut,EIP,2017-18,2017,42,5-17 yr,0,0
Connecticut,EIP,2017-18,2017,43,5-17 yr,0,0
Connecticut,EIP,2017-18,2017,44,5-17 yr,0,0
Connecticut,EIP,2017-18,2017,45,5-17 yr,0,0
Connecticut,EIP,2017-18,2017,46,5-17 yr,0,0
Connecticut,EIP,2017-18,2017,47,5-17 yr,0,0
Connecticut,EIP,2017-18,2017,48,5-17 yr,0,0
Connecticut,EIP,2017-18,2017,49,5-17 yr,0,0
Connecticut,EIP,2017-18,2017,50,5-17 yr,0,0
Connecticut,EIP,2017-18,2017,51,5-17 yr,0,0
Connecticut,EIP,2017-18,2017,52,5-17 yr,0.7,0.7
Connecticut,EIP,2017-18,2018,1,5-17 yr,0.7,0
Connecticut,EIP,2017-18,2018,2,5-17 yr,1.3,0.7
Connecticut,EIP,2017-18,2018,3,5-17 yr,1.3,0
Connecticut,EIP,2017-18,2018,4,5-17 yr,3.3,2
Connecticut,EIP,2017-18,2018,5,5-17 yr,3.9,0.7
Connecticut,EIP,2017-18,2018,6,5-17 yr,5.2,1.3
Connecticut,EIP,2017-18,2018,7,5-17 yr,7.2,2
Connecticut,EIP,2017-18,2018,8,5-17 yr,8.5,1.3
Connecticut,EIP,2017-18,2018,9,5-17 yr,8.5,0
Connecticut,EIP,2017-18,2018,10,5-17 yr,8.5,0
Connecticut,EIP,2017-18,2018,11,5-17 yr,8.5,0
Connecticut,EIP,2017-18,2018,12,5-17 yr,9.8,1.3
Connecticut,EIP,2017-18,2018,13,5-17 yr,10.4,0.7
Connecticut,EIP,2017-18,2018,14,5-17 yr,10.4,0
Connecticut,EIP,2017-18,2018,15,5-17 yr,10.4,0
Connecticut,EIP,2017-18,2018,16,5-17 yr,10.4,0
Connecticut,EIP,2017-18,2018,17,5-17 yr,10.4,0
Connecticut,EIP,2017-18,2017,40,18-49 yr,0,0
Connecticut,EIP,2017-18,2017,41,18-49 yr,0,0
Connecticut,EIP,2017-18,2017,42,18-49 yr,0.2,0.2
Connecticut,EIP,2017-18,2017,43,18-49 yr,0.2,0
Connecticut,EIP,2017-18,2017,44,18-49 yr,0.2,0
Connecticut,EIP,2017-18,2017,45,18-49 yr,0.2,0
Connecticut,EIP,2017-18,2017,46,18-49 yr,0.5,0.2
Connecticut,EIP,2017-18,2017,47,18-49 yr,0.5,0
Connecticut,EIP,2017-18,2017,48,18-49 yr,0.5,0
Connecticut,EIP,2017-18,2017,49,18-49 yr,0.7,0.2
Connecticut,EIP,2017-18,2017,50,18-49 yr,1.7,1
Connecticut,EIP,2017-18,2017,51,18-49 yr,2.4,0.7
Connecticut,EIP,2017-18,2017,52,18-49 yr,3.3,1
Connecticut,EIP,2017-18,2018,1,18-49 yr,4,0.7
Connecticut,EIP,2017-18,2018,2,18-49 yr,6.4,2.4
Connecticut,EIP,2017-18,2018,3,18-49 yr,9.5,3.1
Connecticut,EIP,2017-18,2018,4,18-49 yr,12.6,3.1
Connecticut,EIP,2017-18,2018,5,18-49 yr,13.8,1.2
Connecticut,EIP,2017-18,2018,6,18-49 yr,18.8,5
Connecticut,EIP,2017-18,2018,7,18-49 yr,21.6,2.9
Connecticut,EIP,2017-18,2018,8,18-49 yr,24.2,2.6
Connecticut,EIP,2017-18,2018,9,18-49 yr,26.1,1.9
Connecticut,EIP,2017-18,2018,10,18-49 yr,28,1.9
Connecticut,EIP,2017-18,2018,11,18-49 yr,29,1
Connecticut,EIP,2017-18,2018,12,18-49 yr,30.9,1.9
Connecticut,EIP,2017-18,2018,13,18-49 yr,31.1,0.2
Connecticut,EIP,2017-18,2018,14,18-49 yr,32.3,1.2
Connecticut,EIP,2017-18,2018,15,18-49 yr,33,0.7
Connecticut,EIP,2017-18,2018,16,18-49 yr,33.5,0.5
Connecticut,EIP,2017-18,2018,17,18-49 yr,34.5,1
Connecticut,EIP,2017-18,2017,40,50-64 yr,0,0
Connecticut,EIP,2017-18,2017,41,50-64 yr,0,0
Connecticut,EIP,2017-18,2017,42,50-64 yr,0,0
Connecticut,EIP,2017-18,2017,43,50-64 yr,0,0
Connecticut,EIP,2017-18,2017,44,50-64 yr,0,0
Connecticut,EIP,2017-18,2017,45,50-64 yr,0,0
Connecticut,EIP,2017-18,2017,46,50-64 yr,0,0
Connecticut,EIP,2017-18,2017,47,50-64 yr,0.5,0.5
Connecticut,EIP,2017-18,2017,48,50-64 yr,0.5,0
Connecticut,EIP,2017-18,2017,49,50-64 yr,0.5,0
Connecticut,EIP,2017-18,2017,50,50-64 yr,3.2,2.7
Connecticut,EIP,2017-18,2017,51,50-64 yr,5.9,2.7
Connecticut,EIP,2017-18,2017,52,50-64 yr,9.5,3.6
Connecticut,EIP,2017-18,2018,1,50-64 yr,15.4,5.9
Connecticut,EIP,2017-18,2018,2,50-64 yr,24.9,9.5
Connecticut,EIP,2017-18,2018,3,50-64 yr,35.8,10.9
Connecticut,EIP,2017-18,2018,4,50-64 yr,49.4,13.6
Connecticut,EIP,2017-18,2018,5,50-64 yr,65.2,15.9
Connecticut,EIP,2017-18,2018,6,50-64 yr,79.7,14.5
Connecticut,EIP,2017-18,2018,7,50-64 yr,92.9,13.1
Connecticut,EIP,2017-18,2018,8,50-64 yr,100.1,7.2
Connecticut,EIP,2017-18,2018,9,50-64 yr,107.8,7.7
Connecticut,EIP,2017-18,2018,10,50-64 yr,114.6,6.8
Connecticut,EIP,2017-18,2018,11,50-64 yr,116.9,2.3
Connecticut,EIP,2017-18,2018,12,50-64 yr,120.5,3.6
Connecticut,EIP,2017-18,2018,13,50-64 yr,123.2,2.7
Connecticut,EIP,2017-18,2018,14,50-64 yr,128.2,5
Connecticut,EIP,2017-18,2018,15,50-64 yr,130,1.8
Connecticut,EIP,2017-18,2018,16,50-64 yr,131.4,1.4
Connecticut,EIP,2017-18,2018,17,50-64 yr,133.6,2.3
Connecticut,EIP,2017-18,2017,40,65+ yr,0.6,0.6
Connecticut,EIP,2017-18,2017,41,65+ yr,0.6,0
Connecticut,EIP,2017-18,2017,42,65+ yr,0.6,0
Connecticut,EIP,2017-18,2017,43,65+ yr,1.1,0.6
Connecticut,EIP,2017-18,2017,44,65+ yr,2.3,1.1
Connecticut,EIP,2017-18,2017,45,65+ yr,3.4,1.1
Connecticut,EIP,2017-18,2017,46,65+ yr,3.9,0.6
Connecticut,EIP,2017-18,2017,47,65+ yr,5.6,1.7
Connecticut,EIP,2017-18,2017,48,65+ yr,6.2,0.6
Connecticut,EIP,2017-18,2017,49,65+ yr,10.7,4.5
Connecticut,EIP,2017-18,2017,50,65+ yr,16.9,6.2
Connecticut,EIP,2017-18,2017,51,65+ yr,26.4,9.6
Connecticut,EIP,2017-18,2017,52,65+ yr,40.5,14.1
Connecticut,EIP,2017-18,2018,1,65+ yr,79.9,39.4
Connecticut,EIP,2017-18,2018,2,65+ yr,119.3,39.4
Connecticut,EIP,2017-18,2018,3,65+ yr,171.6,52.3
Connecticut,EIP,2017-18,2018,4,65+ yr,240.2,68.6
Connecticut,EIP,2017-18,2018,5,65+ yr,292.5,52.3
Connecticut,EIP,2017-18,2018,6,65+ yr,337.5,45
Connecticut,EIP,2017-18,2018,7,65+ yr,383.1,45.6
Connecticut,EIP,2017-18,2018,8,65+ yr,425.8,42.8
Connecticut,EIP,2017-18,2018,9,65+ yr,452.3,26.4
Connecticut,EIP,2017-18,2018,10,65+ yr,466.9,14.6
Connecticut,EIP,2017-18,2018,11,65+ yr,488.8,21.9
Connecticut,EIP,2017-18,2018,12,65+ yr,497.3,8.4
Connecticut,EIP,2017-18,2018,13,65+ yr,510.2,12.9
Connecticut,EIP,2017-18,2018,14,65+ yr,522.6,12.4
Connecticut,EIP,2017-18,2018,15,65+ yr,532.7,10.1
Connecticut,EIP,2017-18,2018,16,65+ yr,538.3,5.6
Connecticut,EIP,2017-18,2018,17,65+ yr,547.3,9
Connecticut,EIP,2017-18,2017,40,Overall,0.1,0.1
Connecticut,EIP,2017-18,2017,41,Overall,0.1,0
Connecticut,EIP,2017-18,2017,42,Overall,0.2,0.1
Connecticut,EIP,2017-18,2017,43,Overall,0.3,0.1
Connecticut,EIP,2017-18,2017,44,Overall,0.5,0.2
Connecticut,EIP,2017-18,2017,45,Overall,0.7,0.2
Connecticut,EIP,2017-18,2017,46,Overall,0.9,0.2
Connecticut,EIP,2017-18,2017,47,Overall,1.3,0.4
Connecticut,EIP,2017-18,2017,48,Overall,1.4,0.1
Connecticut,EIP,2017-18,2017,49,Overall,2.2,0.9
Connecticut,EIP,2017-18,2017,50,Overall,4.3,2.1
Connecticut,EIP,2017-18,2017,51,Overall,6.9,2.6
Connecticut,EIP,2017-18,2017,52,Overall,10.6,3.7
Connecticut,EIP,2017-18,2018,1,Overall,19.1,8.5
Connecticut,EIP,2017-18,2018,2,Overall,29.4,10.3
Connecticut,EIP,2017-18,2018,3,Overall,42.1,12.7
Connecticut,EIP,2017-18,2018,4,Overall,58.6,16.5
Connecticut,EIP,2017-18,2018,5,Overall,72.1,13.5
Connecticut,EIP,2017-18,2018,6,Overall,85.4,13.3
Connecticut,EIP,2017-18,2018,7,Overall,97.6,12.2
Connecticut,EIP,2017-18,2018,8,Overall,108,10.5
Connecticut,EIP,2017-18,2018,9,Overall,115.3,7.2
Connecticut,EIP,2017-18,2018,10,Overall,120,4.8
Connecticut,EIP,2017-18,2018,11,Overall,124.8,4.8
Connecticut,EIP,2017-18,2018,12,Overall,128.2,3.4
Connecticut,EIP,2017-18,2018,13,Overall,131.4,3.1
Connecticut,EIP,2017-18,2018,14,Overall,135.2,3.8
Connecticut,EIP,2017-18,2018,15,Overall,137.7,2.5
Connecticut,EIP,2017-18,2018,16,Overall,139.2,1.5
Connecticut,EIP,2017-18,2018,17,Overall,141.7,2.5

Disclaimer:
The Influenza Hospitalization Surveillance Network (FluSurv-NET) data are preliminary and subject
to change as more data become available. All incidence rates are unadjusted.  FluSurv-NET conducts
population-based surveillance for laboratory-confirmed influenza related hospitalizations in
children <18 years of age (since 2003-2004 influenza season) and adults (since 2005-2006 influenza
season).  The FluSurv-NET covers over 70 counties in the 10 Emerging Infections Program (EIP)
"states (CA, CO, CT, GA, MD, MN, NM, NY, OR, TN) and additional Influenza Hospitalization"
Surveillance Project (IHSP) states.   The IHSP began during the 2009-2010 season to enhance
"surveillance during the 2009 H1N1 pandemic.  IHSP sites included IA, ID, MI, OK and SD during"
"2009-2010 season; ID, MI, OH, OK, RI, and UT during the 2010-2011 season; MI, OH, RI, and UT during"
"the 2011-2012 season; IA, MI, OH, RI, and UT during the 2012-2013 season; and MI, OH, and UT during"
"the 2013-2014 , 2014-2015 and 2015-2016 seasons.  Cumulative and weekly unadjusted incidence rates"
"(per 100,000 population) are calculated using the National Center for Health Statistics' (NCHS)"
population estimates for the counties included in the surveillance catchment area.  The rates
"provided are likely to be underestimated as influenza-related hospitalizations can be missed,"
"either because testing is not performed, or because cases may be attributed to other causes of"
pneumonia or other common influenza-related complications.